gamma,delta_left,delta_right,Z_prime,abs_Z_prime,inv_abs_Z_prime,delta_min,delta_geom,delta_prod,log_delta_sum
4795.780117832,1.4933531169999696,0.5727856000003158,-6.143131069669736,6.143131069669736,0.1627834387153588,0.5727856000003158,0.9248627796236419,0.8553711611331694,-0.15621979765387967
4890.627756889,0.41330557099990983,1.1552991870003098,3.0806529448255278,3.0806529448255278,0.3246065096945332,0.41330557099990983,0.6910076628800108,0.47749159015889464,-0.7392087314491307
5345.528297342,1.0207647299994278,0.5416682730001412,-3.4519038876018593,3.4519038876018593,0.28969520373718455,0.5416682730001412,0.7435831281290919,0.5529158684382455,-0.5925494256734555
5933.03353656,0.29747101300017675,0.9543614829999569,-1.6044103850994473,1.6044103850994473,0.62328192916678,0.29747101300017675,0.5328178648622324,0.28389487711634814,-1.2591512603424957
6439.140618634,0.40013762899980065,0.9846077869997316,3.332518517098448,3.332518517098448,0.3000733513915111,0.40013762899980065,0.6276771665313414,0.3939786253848134,-0.9314586214481555
7557.731650015,0.6078015450002567,0.8870431300001655,-4.372741143060207,4.372741143060207,0.2286895032849264,0.6078015450002567,0.7342657454191664,0.5391461848959642,-0.6177685298249431
7687.513293018,1.7302994849997049,1.0783998719998635,-17.574353983070942,17.574353983070942,0.056901095821973426,1.0783998719998635,1.3659995399505491,1.8659547431451116,0.6237728487254127
7850.381575865,1.0586016810002548,1.3677993290002632,13.65374273750807,13.65374273750807,0.07323999135071656,1.0586016810002548,1.2033098806835665,1.4479546689506992,0.3701519875002084
8577.971246764,0.572544767999716,1.2656542120002996,-5.584062118669888,5.584062118669888,0.1790811023854079,0.572544767999716,0.8512600643619874,0.7246436971775749,-0.3220751970985223
9360.682314261,0.6572568470000988,0.8447382710000966,4.518039663197502,4.518039663197502,0.22133493163986107,0.6572568470000988,0.745124159142514,0.5552100125378384,-0.5884088358422154
9858.164581113,1.2544054459995095,0.5678330209993874,4.328988462804148,4.328988462804148,0.2310008466394109,0.5678330209993874,0.8439744273139947,0.7122928339599853,-0.3392661684724345
10004.679404166,0.6323503389994585,0.6309275620005792,3.423038985172862,3.423038985172862,0.29213806922199004,0.6309275620005792,0.6316385498963534,0.3989672577151681,-0.9188759263236909
11152.642047185,1.1668348530001822,0.9848608080010308,-9.754052303495119,9.754052303495119,0.10252149249206663,0.9848608080010308,1.0719934310104346,1.1491699161295235,0.13903986968212317
11745.753334692,0.9171004130002984,0.19648570899880724,2.0047941869828563,2.0047941869828563,0.4988043194124402,0.19648570899880724,0.4244963190316997,0.18019712487146258,-1.713703889143495
12887.606958049,1.4304943309998635,0.3120051349997084,-2.920896998058944,2.920896998058944,0.3423605832949745,0.3120051349997084,0.6680730325794703,0.44632157685992996,-0.8067155624256304
17751.694979015,0.574797622000915,1.5433291629997257,7.462544860405977,7.462544860405977,0.1340025445348677,0.574797622000915,0.9418608882722038,0.8871019328569049,-0.11979538460901806
17942.039086268,1.2894773420011916,0.1663069970018114,2.2789563978602017,2.2789563978602017,0.4387973376493459,0.1663069970018114,0.46308649780585903,0.2144491044500959,-1.5396828440592292
18549.405552026,0.7792534590007563,0.48528630700093345,-3.3304803436310917,3.3304803436310917,0.300256989029318,0.48528630700093345,0.6149479923832424,0.3781610333361803,-0.9724351599639203
21820.372289955,0.7387985460009077,0.515836529997614,6.068983370814673,6.068983370814673,0.1647722425487161,0.515836529997614,0.6173323888606451,0.3810992783363908,-0.9646953647373067
22583.508574052,0.5616912430014054,0.9348745200004487,-5.343127018848631,5.343127018848631,0.18715632184530884,0.5616912430014054,0.724645314060192,0.5251108311893943,-0.6441459316430486
22655.24745963,0.4932859290020133,0.8962231679979595,5.547254940881456,5.547254940881456,0.18026934234270123,0.4932859290020133,0.6649017055317281,0.4420942780190009,-0.8162321209638469
23308.9183694,0.420519103998231,0.6490478200030338,2.4034170305958438,2.4034170305958438,0.41607427561253685,0.420519103998231,0.5224337352427396,0.27293700771968094,-1.2985142513755166
23827.494405356,0.39853451199815026,0.5863962530020217,-2.618140652946983,2.618140652946983,0.38195044978748505,0.39853451199815026,0.4834243938070405,0.23369914452770457,-1.4537206980015576
24219.062567672,0.47834875199987437,1.3645592760003638,5.641068060130584,5.641068060130584,0.1772713942360857,0.47834875199987437,0.8079203096250435,0.6527352267046261,-0.426583704053307
24564.683223066,0.5614426719985204,1.4756017990002874,15.723706871122634,15.723706871122634,0.06359823470358313,0.5614426719985204,0.9102009760687718,0.828465816836545,-0.1881797020656193
24648.261667488,0.456222846001765,0.8225740099987888,6.383765191179384,6.383765191179384,0.1566473656301968,0.456222846001765,0.6125986091142648,0.3752770558887317,-0.9800907100984106
25205.427195501,1.3012276500012376,0.34848955199777265,3.8124510633146893,3.8124510633146893,0.2622984487912514,0.34848955199777265,0.6733975354840896,0.4534642407960458,-0.7908388641432935
25392.832620473,0.8221917880000547,1.0583418880014506,10.54270800742576,10.54270800742576,0.09485229025556333,0.8221917880000547,0.9328236753059317,0.8701600092112662,-0.13907816561082673
26219.110850647,1.113407217002532,0.7352585720000206,6.379750921763785,6.379750921763785,0.15674593134798026,0.7352585720000206,0.9047884838059107,0.8186422004277988,-0.2001081643007231
26398.719164579,0.5812057030016149,1.377749749000941,-8.602677286064628,8.602677286064628,0.11624288192466406,0.5812057030016149,0.894849714437229,0.8007560114283904,-0.22219898327360532
26983.965043891,0.9132897889976448,1.003401964000659,-16.479439942101255,16.479439942101255,0.06068167386230314,0.9132897889976448,0.9572861473885352,0.9163967679819843,-0.08730585527284807
27328.495585092,0.7566405770012352,0.6828383469983237,7.272183688134402,7.272183688134402,0.1375102779144099,0.6828383469983237,0.7187928775881,0.5166632008713813,-0.660364065750328
27497.172998394,0.9847725649997301,1.052231212001061,-8.871300941711095,8.871300941711095,0.11272303877080742,0.9847725649997301,1.0179432349669897,1.0362084296150598,0.03556831048904681
27996.061824006,0.8153003599982185,0.6911282479995862,-6.851136181282608,6.851136181282608,0.14596119147828543,0.6911282479995862,0.750651123624684,0.5634771093990006,-0.573628568511969
28062.89924389,0.7989413340001192,0.9361885819998861,-12.6918635899793,12.6918635899793,0.07879063566279874,0.7989413340001192,0.8648466653567377,0.747959754578669,-0.2904061064943616
28213.589460498,1.103530423999473,0.45540354100012337,6.214522029584516,6.214522029584516,0.16091342105466105,0.45540354100012337,0.708908783053735,0.5025516626907275,-0.6880568330087974
28326.333759063,0.4095302329988044,1.8350341719997232,10.666282364627078,10.666282364627078,0.09375337777634042,0.4095302329988044,0.8668921340165769,0.7515019720198148,-0.28568144568102083
28461.642700742,0.3748437689973798,0.8977456080028787,-4.120227547849912,4.120227547849912,0.2427050419877507,0.3748437689973798,0.5800985668872518,0.33651434730464336,-1.0891144939425552
28793.840434834,0.5575792250019731,0.560134281997307,2.3727002090479123,2.3727002090479123,0.42146074594112654,0.5575792250019731,0.55885529330328,0.3123192388530951,-1.1637294128342295
28901.183168818,0.3947280719985429,1.102499042001,4.676937316083867,4.676937316083867,0.2138151385012208,0.3947280719985429,0.6596872904864055,0.4351873212292952,-0.8319787170695286
29180.810464591,0.7623503089998849,0.696113535999757,-7.366262586829749,7.366262586829749,0.13575405277948072,0.696113535999757,0.728479491316274,0.5306823692684173,-0.6335916113537716
29256.644895295,1.105811066001479,0.16218245499840123,-1.5743947075434566,1.5743947075434566,0.6351647367770372,0.16218245499840123,0.42348926013361776,0.17934315344851898,-1.7184542499810707
29704.34723317,0.9834829100000206,0.6561901780005428,14.100636167618799,14.100636167618799,0.07091878608260495,0.6561901780005428,0.8033379275083464,0.6453518257734053,-0.437959644583682
29851.017439925,0.8309390879985585,0.6771387040025729,-9.997651291035954,9.997651291035954,0.10002349260737022,0.6771387040025729,0.7501073370874489,0.5626610171524238,-0.5750779331506334
31463.703111676,0.6171287229990412,0.7575294339985703,-9.123548694990363,9.123548694990363,0.10960647369034032,0.6171287229990412,0.6837347235863659,0.4674931722377242,-0.7603705351991398
31651.649131357,0.646701903999201,0.4487512730011076,3.654745387725813,3.654745387725813,0.2736168717411683,0.4487512730011076,0.5387098501715757,0.2902083026718815,-1.237156328769426
32718.72424884,0.6390192990002106,1.3273444139995263,-8.149227562237906,8.149227562237906,0.12271101676357953,0.6390192990002106,0.920977033897058,0.8481986969658226,-0.16464035817741457
33376.889978258,1.1165173319968744,0.9608071770053357,23.179085809260133,23.179085809260133,0.04314233996236798,0.9608071770053357,1.035740250175422,1.072757865833446,0.0702327772638699
34085.086845488,0.7581432619990665,0.7891780820064014,11.36977826304119,11.36977826304119,0.08795246282424155,0.7581432619990665,0.7735050390207552,0.5983100453904999,-0.513646188838248
34324.792237229,0.8910974929967779,0.24512832400068874,1.933205605566551,1.933205605566551,0.5172755536816981,0.24512832400068874,0.46736841461476153,0.21843323497951564,-1.5212748718741675
36063.699373024,0.8532924850005656,0.7672716320012114,-6.487306302698095,6.487306302698095,0.15414718426106938,0.7672716320012114,0.8091397391926521,0.6547071175407532,-0.42356729214046107
36366.695865167,0.5310339029965689,1.196087477997935,-10.44145553300326,10.44145553300326,0.09577208817671146,0.5310339029965689,0.7969711423675051,0.6351630017665661,-0.4538736173347686
37195.587157546,0.39473484799964353,0.7453719270051806,-3.0280176730686774,3.0280176730686774,0.33024906323831726,0.39473484799964353,0.5424244411064009,0.29422427430959136,-1.223412964668589
37255.984658254,1.3703531119972467,0.8866704130050493,25.351059380848977,25.351059380848977,0.03944608329683583,0.8866704130050493,1.102293771994269,1.2150515597773535,0.19478651192287247
37428.849100018,1.003725590002432,0.6368935880018398,-10.106349659270627,10.106349659270627,0.09894769463895332,0.6368935880018398,0.799541363774203,0.6392663923859125,-0.44743402198606225
37638.299739101,1.012607119999302,0.9399193979988922,-19.65109793355269,19.65109793355269,0.05088774191555879,0.9399193979988922,0.9755865285248336,0.9517690746391361,-0.049432842271676374
37711.275478972,1.0642100569966715,0.2600143130039214,4.865693105244126,4.865693105244126,0.20552056580021957,0.2600143130039214,0.5260321728391274,0.27670984686185357,-1.2847858060430744
37983.837999657,0.32433064300130354,0.8823540480007068,2.9371338337785518,2.9371338337785518,0.3404679720411392,0.32433064300130354,0.534952760290918,0.2861744557428723,-1.2511536690126466
38861.954767275,0.7519284349982627,0.5064597370001138,9.216714374216727,9.216714374216727,0.10849853422792914,0.5064597370001138,0.6171073467656395,0.3808214774321273,-0.9654245768357312
39147.984721458,0.9560070180014009,0.7183846699990681,11.724646921328942,11.724646921328942,0.08529041485938871,0.7183846699990681,0.8287223818286372,0.6867807861437295,-0.37574012626201697
39799.491064142,0.9299286070017843,1.0233458529983182,-10.64920999015899,10.64920999015899,0.09390367932683336,0.9299286070017843,0.9755196479619356,0.9516385835597787,-0.04956995538982499
40285.34875709,0.4661416260059923,0.669025506998878,8.17690563681854,8.17690563681854,0.12229565124210956,0.4661416260059923,0.5584448385220695,0.31186063767194033,-1.1651988650896559
42489.250727881,0.5636200480003026,0.6869405519973952,5.520420708275085,5.520420708275085,0.1811456142284599,0.5636200480003026,0.622232646917635,0.38717346689012627,-0.948882451521383
48444.571824988,1.1924611720023677,0.2275582919974113,2.7292864042944247,2.7292864042944247,0.36639613872202614,0.2275582919974113,0.520916910432067,0.27135442757409006,-1.3043294617674774
48817.262922839,0.36326415900111897,0.4216566219984088,1.9279959306593348,1.9279959306593348,0.5186732939099206,0.36326415900111897,0.3913728889147851,0.1531727381775047,-1.8761889867434873
48820.115473291,0.4125284469992039,0.596773220000614,4.8386727088378825,4.8386727088378825,0.20666824564792124,0.4125284469992039,0.4961712704878906,0.2461859296575675,-1.4016682169154078
49025.845938936,0.790593509998871,0.6441196870000567,-8.012073184127507,8.012073184127507,0.12481164075998107,0.6441196870000567,0.7136083268886014,0.509236844204749,-0.6748420578765673
49231.280212617,1.15270412999962,0.5862258069973905,18.220366556435263,18.220366556435263,0.0548836378731804,0.5862258069973905,0.8220370483367839,0.6757449088382521,-0.39193962794459847
49590.223268193,0.7193755640037125,0.6045419199945172,-6.816786431711251,6.816786431711251,0.14669668912437456,0.6045419199945172,0.659463937346041,0.4348926846599431,-0.8326559802605455
50017.887341357,0.7188992180017522,0.28687764999631327,4.912088137252963,4.912088137252963,0.2035794090126486,0.28687764999631327,0.4541322695476836,0.20623611824452998,-1.5787335615135292
50358.105655223,1.0240365080026095,0.5590943279967178,8.45015149331308,8.45015149331308,0.11834107362351283,0.5590943279967178,0.7566591063919237,0.5725330032858245,-0.5576848975544763
51078.519620738,0.9374634769992554,0.5990216080026585,16.951599587857366,16.951599587857366,0.05899148306430692,0.5990216080026585,0.7493736580877775,0.5615608794358572,-0.5770350878210311
52151.989411667,0.4081619559947285,0.4490715070060105,3.334138646028811,3.334138646028811,0.2999275393634482,0.4081619559947285,0.4281283740667905,0.18329390468107368,-1.6966643779295665
52273.106538528,1.0858006310008932,0.7437900410004659,12.05450851462626,12.05450851462626,0.08295651363858232,0.7437900410004659,0.8986699593568743,0.8076076958504861,-0.21367886330395697
52681.472251834,0.29664856199815404,0.8463165200009826,-2.986747468054861,2.986747468054861,0.334812370545427,0.29664856199815404,0.5010574604310103,0.25105857865357345,-1.3820689859895492
52801.061150869,0.6126173259981442,1.0378337080037454,-15.480325037184663,15.480325037184663,0.06459812682213974,0.6126173259981442,0.797367488068076,0.6357949110279933,-0.452879234582775
53924.744547674,0.8133570090067224,0.33608866299618967,-6.287038456161353,6.287038456161353,0.15905740150515402,0.33608866299618967,0.5228384738096931,0.27336006969564913,-1.2969654162159252
54403.414890599,0.6783199420024175,0.2729937650001375,-2.238605791313779,2.238605791313779,0.4467066081398486,0.2729937650001375,0.4303221059182469,0.18517711484191487,-1.6864425343735179
54928.445460096,0.6270601940050256,0.6610659989964915,-6.369824598645619,6.369824598645619,0.15699019408048137,0.6270601940050256,0.6438386238653798,0.414528173580866,-0.8806143366783683
54951.455401627,0.44255084299948066,0.3641842090000864,5.173509428403126,5.173509428403126,0.19329238959339512,0.3641842090000864,0.40145987184286214,0.1611700287000873,-1.8252953923741422
55797.492964803,0.909601207000378,0.3488368079997599,-3.579841575290891,3.579841575290891,0.27934197057833265,0.3488368079997599,0.563295998212965,0.31730238160274077,-1.1479000745820738
57906.99378901,0.7949451169988606,0.9378446280024946,20.299044188961908,20.299044188961908,0.04926340327608991,0.7949451169988606,0.8634436910037596,0.745535007534196,-0.29365318741681856
59268.736377291,0.5850671180014615,0.5708870149974246,-5.948429202197474,5.948429202197474,0.1681116082932582,0.5708870149974246,0.5779335779905856,0.3340072205690003,-1.0965926677690516
59912.682541403,0.3716603830034728,0.8371048639965011,4.0484437812040674,4.0484437812040674,0.24700849364458388,0.3716603830034728,0.5577801667028056,0.3111187143670096,-1.167580721416873
60326.57540466,1.142470645994763,0.48116621000372106,-16.470784869422847,16.470784869422847,0.060713560885398234,0.48116621000372106,0.7414298825740725,0.549718270773803,-0.5983493669494858
60338.039543618,0.6442445349966874,0.5596712950064102,6.452227300053715,6.452227300053715,0.15498524052177687,0.5596712950064102,0.6004707929636534,0.3605651732023986,-1.0200825530146342
60642.628619699,0.4692442099985783,0.9440102010048577,-11.414024568612254,11.414024568612254,0.0876115163401635,0.4692442099985783,0.6655609070559384,0.4429713210011235,-0.8142502491790536
60789.97058098,0.2863519099992118,1.061292840000533,6.373041275853523,6.373041275853523,0.15691095612213385,0.2863519099992118,0.5512741893129411,0.3039032318026405,-1.1910459446880293
61689.630088754,0.6621737480018055,0.6959338910019142,-5.154076739679091,5.154076739679091,0.19402117013536416,0.6621737480018055,0.6788439827870743,0.4608291529662175,-0.7747279056159486
63149.373332901,1.121247784998559,0.27179863899800694,-2.3215820260432087,2.3215820260432087,0.4307407572862507,0.27179863899800694,0.5520449455815516,0.30475362194213823,-1.1882516257294844
64562.216655691,0.535512786002073,0.46531784100079676,3.688738771364332,3.688738771364332,0.2710953694425306,0.46531784100079676,0.49918298589876464,0.24918365341080628,-1.3895650904851902
65888.531113696,0.6247121799970046,0.19103270501364022,1.5598527346224929,1.5598527346224929,0.6410861601252471,0.19103270501364022,0.34545688240328326,0.11934045759979589,-2.125774882474605
66664.027707021,1.0835740129987244,0.5900686539971502,-13.661505174747566,13.661505174747566,0.0731983765484668,0.5900686539971502,0.7996143191291961,0.6393830593564479,-0.4472515373016162
67235.78916606,0.7942953769961605,0.681624272998306,-8.835108470765995,8.835108470765995,0.1131848016703864,0.681624272998306,0.735806366438157,0.5414110088909233,-0.6135765678917096
67958.22147101,0.370854093998787,0.8675748390087392,-8.071963809251956,8.071963809251956,0.12388559012787148,0.370854093998787,0.567224541867442,0.32174368089672944,-1.1340000724913688
68436.178642464,0.6995044039940694,1.0634803699940676,15.1075482818742,15.1075482818742,0.06619207705593,0.6995044039940694,0.8625017115183556,0.7439092023720927,-0.2958362914189663
68978.523108727,0.5261657230003038,1.3445626690081554,-8.283932808425437,8.283932808425437,0.12071560973827772,0.5261657230003038,0.84110807204419,0.7074627888578943,-0.3460702461017829
71234.129051958,0.6876874950103229,0.7851303309871582,5.106299752295442,5.106299752295442,0.1958365251766641,0.6876874950103229,0.7347954208983508,0.5399243105731846,-0.6163263148531473
71636.404839511,0.9397619999945164,0.09986292400571983,1.5234482071576663,1.5234482071576663,0.6564056430022809,0.09986292400571983,0.3063451993893746,0.09384738118891567,-2.366085420559347
72867.476348514,1.0015754060004838,0.6879043619992444,11.288048449174195,11.288048449174195,0.08858927249494199,0.6879043619992444,0.8300530649656666,0.688988090658897,-0.3725312930831816
73332.925435377,1.2542956299876096,0.5278449590114178,-13.431188324350561,13.431188324350561,0.07445357594956908,0.5278449590114178,0.8136790678142153,0.6620736253990103,-0.41237851261441894
73604.056884057,0.5390693250083132,0.5304112419980811,6.708417514831956,6.708417514831956,0.1490664523770402,0.5304112419980811,0.5347227601297018,0.2859284302007266,-1.2520137435319556
74207.47669534,1.4235775970009854,0.29945043299812824,-4.91009180104485,4.91009180104485,0.2036621799590801,0.29945043299812824,0.6529095862586028,0.42629092782837996,-0.8526332366281779
76040.943857818,0.6268697140039876,0.8688640589971328,9.086373935155246,9.086373935155246,0.11005490277381089,0.6268697140039876,0.738013932234261,0.5446645641718765,-0.6075851523873026
80184.595261494,0.4393998220039066,0.5413966630003415,-5.579506793078868,5.579506793078868,0.17922731113804824,0.4393998220039066,0.4877392719023752,0.23788959735585907,-1.4359485895907769
80614.452879961,0.4151540320017375,0.7722447310079588,4.098196203717354,4.098196203717354,0.24400979120836852,0.4151540320017375,0.5662159603632269,0.3206005137700513,-1.1375594362812957
81435.090203968,0.2805964639992453,0.956564463005634,-4.69470489782348,4.69470489782348,0.21300593365593898,0.2805964639992453,0.518081659496568,0.26840860590671783,-1.3152448106627326
82648.154559969,0.603901695998502,0.8872757259960053,9.079689633174267,9.079689633174267,0.11013592318688091,0.603901695998502,0.7320022648512022,0.5358273157472897,-0.623943341933185
83011.540644948,0.1887512570101535,0.7812701849907171,-1.7565600459194932,1.7565600459194932,0.569294515335818,0.1887512570101535,0.38401266838680337,0.147465729481553,-1.9141594726959081
83453.200592723,0.5264403520122869,0.5083824299945263,3.5345981218880214,3.5345981218880214,0.2829175950180853,0.5083824299945263,0.517332606166652,0.26763302540318024,-1.318138545027538
83590.819814254,0.5806316740054172,0.6412592259875964,6.833139726043491,6.833139726043491,0.1463456097917403,0.5806316740054172,0.6101929349448387,0.37233541785659624,-0.9879601700561729
83752.777972191,0.9888871779985493,0.5454154439939884,7.847142653359812,7.847142653359812,0.1274349204766709,0.5454154439939884,0.7344074749402004,0.5393543392480411,-0.61738252286435
84410.947849479,0.22973056499904487,1.2835293840034865,10.087444502221524,10.087444502221524,0.09913313523358402,0.22973056499904487,0.5430155896288771,0.294865930579997,-1.2212344985564743
85802.112408784,0.941313650997472,0.47410618400317617,5.06230181026907,5.06230181026907,0.19753859755486372,0.47410618400317617,0.6680438780682815,0.446282623024509,-0.8068028437434882
85826.899202281,0.3709578319976572,0.47870427400630433,4.175520367640881,4.175520367640881,0.23949110816216376,0.3709578319976572,0.42140135222064856,0.1775790996533911,-1.7283391374809596
87012.757705979,0.9718534950079629,0.9523473859881051,27.993793654162495,27.993793654162495,0.035722203726800225,0.9523473859881051,0.9620510046428087,0.9255421355342375,-0.0773756206853784
87182.785714118,0.5627870540047297,1.0199990249966504,-14.625614367564006,14.625614367564006,0.06837319615220763,0.5627870540047297,0.7576557571651927,0.5740422463655616,-0.5550522854309106
87735.446111033,0.547223194007529,0.5751109910052037,4.8359227112594745,4.8359227112594745,0.20678576968810955,0.547223194007529,0.5609938265317211,0.3147140734067028,-1.1560907558395472
88300.128710568,1.3159171029983554,0.3496147270052461,-11.848826075293482,11.848826075293482,0.08439654642962012,0.3496147270052461,0.6782801771586019,0.4600639987263043,-0.7763896715104734
88334.436521087,0.4563639679981861,0.6313242110045394,9.831604686175687,9.831604686175687,0.10171279581715785,0.4563639679981861,0.5367621652346184,0.28811362202735574,-1.2444003557207914
88392.299455759,0.1591414559952682,1.0279083360073855,2.4270706443994956,2.4270706443994956,0.4120193214431216,0.1591414559952682,0.40445374175780435,0.1635828292218887,-1.8104358161781677
89644.290253138,0.7510567459976301,0.5444659019995015,5.578951911501458,5.578951911501458,0.1792451370549403,0.5444659019995015,0.6394722735681432,0.40892478866241017,-0.8942240306502749
90013.155109862,1.1129023529938422,0.546473246999085,19.78200754588775,19.78200754588775,0.050550986682232776,0.546473246999085,0.7798534236851608,0.6081713624334668,-0.49729859061944715
90472.546154751,0.7424829740048153,0.5411510599951725,7.771348835778981,7.771348835778981,0.12867779083549047,0.5411510599951725,0.6338733693815145,0.40179544841107395,-0.9118121546617969
90888.46227195,0.9048042780050309,0.7107898579997709,9.480382371209643,9.480382371209643,0.1054809775433568,0.7107898579997709,0.8019511857219124,0.6431257042807812,-0.4414150773028289
91789.955000969,0.7255603249941487,0.98771455300448,-16.50660128423851,16.50660128423851,0.06058182316155294,0.7255603249941487,0.8465497575921812,0.7166464920793808,-0.33317259751168404
92556.580800055,0.41135991099872626,0.9085610670008464,4.437281481120776,4.437281481120776,0.2253632103923726,0.41135991099872626,0.6113473641542719,0.37374559965837595,-0.9841799278358441
93097.049907794,1.2316458900022553,0.36197709999396466,-9.126947452147327,9.126947452147327,0.10956565765750374,0.36197709999396466,0.667703233092743,0.445827607482502,-0.8078229319924596
93128.028569865,0.7392020409897668,0.6195240730012301,-6.730345961822108,6.730345961822108,0.14858077217315435,0.6195240730012301,0.6767225865927652,0.4579534592048026,-0.7809877174881186
94422.922532524,0.3038710349937901,0.9299873260024469,4.08414401299461,4.08414401299461,0.24484934831344787,0.3038710349937901,0.5315977908940845,0.28259621128347084,-1.2637362154618104
95132.851684002,0.46144386900414247,0.8129800599999726,-13.498882418379115,13.498882418379115,0.07408020671685171,0.46144386900414247,0.6124905422205369,0.37514466430960725,-0.9804435559101311
95229.523310969,0.6788617660058662,0.911663138991571,-10.630253963239998,10.630253963239998,0.09407112976397883,0.6788617660058662,0.786697685606275,0.6188932485382694,-0.479822479105065
96894.058274596,0.4849776539922459,0.5490626329992665,-9.860749572536433,9.860749572536433,0.10141216878533656,0.4849776539922459,0.5160262664310701,0.26628310764678975,-1.3231952217199066
97127.151569437,0.6244816219987115,0.25984581699594855,-4.727968436612356,4.727968436612356,0.2115073341556636,0.25984581699594855,0.40282618741488285,0.1622689372672103,-1.8185002136158137
97317.761964996,0.5833944699988933,0.9868805510050151,22.0223374566533,22.0223374566533,0.04540844049675953,0.5833944699988933,0.7587757613457263,0.5757406560057866,-0.5520979696691622
97563.191180575,0.6783888259960804,1.1682285059941933,-25.583868148720846,25.583868148720846,0.03908713077267788,0.6783888259960804,0.8902320847265368,0.7925131646765557,-0.23254616178942197
97731.348111414,0.39476379699772224,0.870920189001481,-5.019200615837035,5.019200615837035,0.19923491339332197,0.39476379699772224,0.5863512263926789,0.34380776069219854,-1.0676726130124232
98326.500794834,0.6354247450071853,0.641399927000748,-9.538976139203253,9.538976139203253,0.10483305392600818,0.6354247450071853,0.6384053454209775,0.40756138506207756,-0.8975637194568651
98429.745639808,0.6223966989928158,0.29656634900311474,2.7199385359538275,2.7199385359538275,0.3676553667597199,0.29656634900311474,0.42962997643540884,0.18458191665188997,-1.6896619213439754
98988.328056223,0.7011406540113967,0.9875601269886829,-20.189416894382312,20.189416894382312,0.049530900532260995,0.7011406540113967,0.8321169108439168,0.6924185533124231,-0.36756466038277863
99834.515299128,0.885726294000051,0.1218319710023934,-2.217753515438738,2.217753515438738,0.4509067364964452,0.1218319710023934,0.32849624071923805,0.10790978016667159,-2.226459769800011
100352.628946752,0.6827915960020619,0.5354327829991234,-4.176627363770191,4.176627363770191,0.23942763213075158,0.5354327829991234,0.6046395657379668,0.3655890044557972,-1.0062455151941374
101180.816117644,0.9196089610049967,0.42478977899008896,-9.185357355451863,9.185357355451863,0.10886892706536469,0.42478977899008896,0.6250123897192902,0.39064048730261786,-0.9399676117827105
101440.020286992,1.1105278150062077,0.29185253799369093,-5.214385332725576,5.214385332725576,0.19177715803317832,0.29185253799369093,0.5693069131164225,0.3241103613221498,-1.1266711998234349
102914.890278757,0.8122850709914928,0.41916743700858206,-4.357010161214932,4.357010161214932,0.22951518656113362,0.41916743700858206,0.5835095983168042,0.3404834513278382,-1.0773887556666277
103383.324886566,0.7745068719959818,0.8394111240049824,-15.691218583823911,15.691218583823911,0.0637299133051974,0.7745068719959818,0.8063061974037717,0.6501296839717301,-0.43058342219002443
103589.093881565,0.39061186599428765,0.5623085080005694,-3.0706028528453735,3.0706028528453735,0.3256689477355726,0.39061186599428765,0.46866232574697775,0.21964437557456626,-1.5157455151956563
103895.154138716,0.364730265995604,0.6081770800083177,4.942403521717485,4.942403521717485,0.20233070723705296,0.364730265995604,0.47097833088568253,0.22182058816386344,-1.50588638527239
104167.531879601,0.6784199269895907,0.33799305200227536,-3.0234292175656763,3.0234292175656763,0.33075026006567243,0.33799305200227536,0.4788540713645156,0.2293012216623726,-1.4727187613419233
104548.336194406,0.4376128650037572,0.7267385320010362,6.005299869824493,6.005299869824493,0.16651957798557449,0.4376128650037572,0.563941602559696,0.31803013109759815,-1.1456091488113966
105346.11460671,0.37488535400188994,0.8110385639884043,-4.211149339465039,4.211149339465039,0.23746486276999013,0.37488535400188994,0.551404097890084,0.3040464791699774,-1.1905746972562024
105416.724961914,0.3371761770104058,0.9512377700011712,5.86755950503185,5.86755950503185,0.1704286082045574,0.3371761770104058,0.5663344548205579,0.3207347147168986,-1.1371409314406289
105428.821714693,0.0919058639992727,0.7451459260046249,-1.1437707357380222,1.1437707357380222,0.874301089155552,0.0919058639992727,0.26169310295648446,0.06848328013499318,-2.6811656491282383
106219.992195416,0.5489034039928811,0.5103642930043861,8.891950340485922,8.891950340485922,0.1124612668434395,0.5103642930043861,0.5292831923521921,0.28014069770652766,-1.2724633102105924
106715.806840364,0.9959654180129291,0.4206859580008313,7.04725656667841,7.04725656667841,0.14189919020804587,0.4206859580008313,0.6472933384582816,0.4189886660124675,-0.8699114095154359
106750.530115107,0.9064478520012926,0.6419752560032066,8.057865467621948,8.057865467621948,0.12410234497190258,0.6419752560032066,0.7628349047088017,0.5819170918420865,-0.5414272952777932
107246.734387279,0.9787658389977878,0.4734966810065089,-10.65293450472185,10.65293450472185,0.09387084840864796,0.4734966810065089,0.6807660216608961,0.46344237624800355,-0.7690732247945116
107780.071102703,0.5016390850069001,0.8120975269994233,-14.716915922182281,14.716915922182281,0.0679490190259724,0.5016390850069001,0.6382631591909069,0.40737986038035706,-0.8980092109220174
108718.55259206,0.30550505200517364,0.7124270450003678,3.1140410069706603,3.1140410069706603,0.3211261501571555,0.30550505200517364,0.4665298076572702,0.21765006143272955,-1.5248667287291975
110226.682506541,0.5264777839911403,0.7533464670123067,17.42622746731887,17.42622746731887,0.05738476683352142,0.5264777839911403,0.6297778803119349,0.3966201785301939,-0.924776185395479
110956.789621864,0.5369521349930437,0.48686375400575344,3.579998948254494,3.579998948254494,0.2793296910010467,0.48686375400575344,0.5112949561301356,0.26142253216411737,-1.3416172834803892
111083.10004345,0.43350144900614396,1.2112951349990908,-6.8780339567097935,6.8780339567097935,0.14539038427172354,0.43350144900614396,0.7246365959542745,0.5250981961961986,-0.6441699935066716
111420.529781771,0.6104884999949718,0.6675605330092367,8.281989582312075,8.281989582312075,0.12074393357553959,0.6104884999949718,0.638387052228233,0.40753802845265275,-0.8976210292991835
111530.89667826,0.24512108499766327,0.7468690509995213,6.4133525972788785,6.4133525972788785,0.1559246875689152,0.24512108499766327,0.4278707189469475,0.18307335213217776,-1.697868375128755
111798.282537891,0.8063507250044495,0.9597743749909569,14.790864006108762,14.790864006108762,0.06760930257941597,0.8063507250044495,0.8797242540220489,0.7739147631146505,-0.25629353663150245
111932.023206918,0.37651378801092505,0.4710940499935532,5.873924681126054,5.873924681126054,0.17024392621396298,0.37651378801092505,0.4211572215604059,0.17737340527248083,-1.7294981342542242
112914.931409935,0.6902073429955635,0.42926694299967494,6.831697138653039,6.831697138653039,0.1463765122640029,0.42926694299967494,0.5443190205785883,0.29628319616363363,-1.216439538249651
113059.777955658,0.7021008110023104,0.5161880859959638,4.5818601004669235,4.5818601004669235,0.21825197148601133,0.5161880859959638,0.6020100279957938,0.3624160738074965,-1.0149623520234674
114099.859304609,0.24489725699822884,1.1218119410041254,-3.8620260915998914,3.8620260915998914,0.2589314458996153,0.24489725699822884,0.5241456545844573,0.27472866721976924,-1.2919713330449336
114862.091147108,0.4650244450022001,0.7032010719995014,-5.742652530924633,5.742652530924633,0.17413555749976545,0.4650244450022001,0.5718441118272709,0.3270056882315203,-1.1177777130327526
115358.723602143,1.1566099269984988,0.28135058100451715,7.208759589966259,7.208759589966259,0.13872012064209796,0.28135058100451715,0.5704497129078249,0.3254128749566198,-1.1226605184260943
116944.897783416,0.5411049090034794,0.7443897490011295,-13.29784423801218,13.29784423801218,0.07520015892060745,0.5411049090034794,0.6346597099205046,0.40279294739637905,-0.9093326272374405
118276.714269654,0.6816547779890243,0.45499020400166046,9.289808221598426,9.289808221598426,0.10764484864983981,0.45499020400166046,0.5569077540274805,0.31014624649593275,-1.1707113298579657
119266.917837063,0.5433307630009949,0.8208846100023948,9.22478679369525,9.22478679369525,0.1084035894123274,0.5433307630009949,0.667841194812341,0.4460118614883753,-0.8074097320503053
119387.285736947,0.44788367199362256,0.7990112730039982,-6.65600100532318,6.65600100532318,0.15024036192305915,0.44788367199362256,0.5982174378245168,0.35786410291732956,-1.0276019654376372
119540.734420906,0.712293928998406,0.3345366069988813,-3.0271839555266373,3.0271839555266373,0.33034001722106465,0.3345366069988813,0.4881479224507965,0.23828839419302883,-1.4342735985685704
119895.155249101,0.9923676819889806,0.5114618360094028,-5.054091479452762,5.054091479452762,0.19785949741223843,0.5114618360094028,0.7124311872921336,0.5075581966264792,-0.6781439014850343
120660.91402809,0.2394575180078391,0.7915378809993854,-6.42656539146312,6.42656539146312,0.15560411185240156,0.2394575180078391,0.43536156972486345,0.18953969639329712,-1.6631567967494478
120794.645853629,0.6830559999943944,0.46157607799977995,-9.388622712672916,9.388622712672916,0.10651189536567314,0.46157607799977995,0.5615000530112444,0.3152823095316303,-1.1542868207871826
121876.836193804,0.9344035219983198,0.46312760199361946,12.24814357117271,12.24814357117271,0.08164502597386308,0.46312760199361946,0.6578358932419803,0.4327480624374741,-0.837599562261147
122736.878788578,1.210599744998035,0.5042778849892784,16.441507441127364,16.441507441127364,0.06082167365618586,0.5042778849892784,0.7813313503093094,0.6104786789761688,-0.49351190991318955
123187.003177985,0.8385663499939255,0.3955731059977552,7.027321485052067,7.027321485052067,0.14230172934696622,0.3955731059977552,0.5759464347075149,0.33171429565229776,-1.1034812358200599
123540.73931347,0.8108703179896111,0.7340150820091367,-16.73155599871719,16.73155599871719,0.05976730437244868,0.7340150820091367,0.7714862558451182,0.5951910429579191,-0.5188728443703079
126141.935535207,0.8954273190029198,0.6178217650012812,9.847926717143936,9.847926717143936,0.10154421623174067,0.6178217650012812,0.7437838978202937,0.5532144866567491,-0.5920094925193153
126993.757713769,0.5959671320015332,0.7693460930022411,7.802309568461657,7.802309568461657,0.12816717809328926,0.5959671320015332,0.6771299613538972,0.45850498456313044,-0.7797841158875021
127271.699651705,0.2649104599986458,0.27111563899961766,1.2788218844783013,1.2788218844783013,0.7819697270882666,0.2649104599986458,0.2679950907017058,0.07182136864021552,-2.633573233832559
127690.876970373,0.5765408070001286,0.3761248269875068,4.5491005088883885,4.5491005088883885,0.21982367680074813,0.3761248269875068,0.46567296602246616,0.2168513112841609,-1.5285433617549637
127791.464200609,0.494979285998852,0.8201334949990269,-7.0775603792927955,7.0775603792927955,0.14129162400729983,0.494979285998852,0.6371413436423361,0.40594909177836136,-0.9015275169508207
127836.971172129,1.0354320369951893,0.38244298900826834,4.470088069726019,4.470088069726019,0.22370923892362865,0.38244298900826834,0.6292803215923409,0.39599372314336007,-0.9263569185013599
128173.953702291,0.7024266449880088,0.7729677720053587,-17.47604291082808,17.47604291082808,0.05722119161085398,0.7024266449880088,0.7368535531390076,0.5429531587735802,-0.6107322265378634
129617.482751165,0.4053443459997652,0.8998908270004904,7.944972307908548,7.944972307908548,0.12586576280506157,0.4053443459997652,0.603958325335202,0.36476565874170164,-1.0085001624343597
130071.054193628,0.7469046520127449,0.6977209559991024,-18.263535404971332,18.263535404971332,0.05475391143205494,0.6977209559991024,0.7218940558298769,0.5211310278425093,-0.651753775867964
130367.950785477,0.7248508400080027,0.5232002379925689,-15.64765354149459,15.64765354149459,0.06390734542710771,0.5232002379925689,0.6158263813781449,0.37924213200130047,-0.9695804071748961
130480.313687794,1.019594571000198,0.4605605810065754,5.224460105087493,5.224460105087493,0.1914073377699289,0.4605605810065754,0.6852627729645039,0.46958506801100114,-0.755905808224643
131320.295224969,0.7420093780092429,0.7795910469722003,20.109406255173457,20.109406255173457,0.04972797243790997,0.7420093780092429,0.7605681217783301,0.5784638678654168,-0.5473791926128937
132310.094058931,0.5763325049774721,0.3836118610051926,-5.595694871268577,5.595694871268577,0.17870881508113648,0.3836118610051926,0.47019994129326786,0.22108798479219252,-1.5091945354619734
133049.452959174,0.32201384400832467,0.6769713810062967,3.2127329410237997,3.2127329410237997,0.3112614768662753,0.32201384400832467,0.46689844364857525,0.21799415668146177,-1.5232870207657656
134829.189141845,0.410709860996576,1.1879568139847834,-15.315465210295946,15.315465210295946,0.06529347860277479,0.410709860996576,0.6985023822018259,0.4879055779416257,-0.7176333796747114
136588.115935214,0.9021914339973591,0.546233086992288,12.83950634343169,12.83950634343169,0.07788461434980094,0.546233086992288,0.7020020028820263,0.4928068120503765,-0.7076380437041928
136939.00696532,0.33207263000076637,1.028192717989441,-9.312459654675624,9.312459654675624,0.10738301556001022,0.33207263000076637,0.5843241052792448,0.34143466001038997,-1.07459895060448
137116.681935612,0.4093024189933203,0.7051678459974937,-4.927689189186776,4.927689189186776,0.2029348771010924,0.4093024189933203,0.5372400814934449,0.28862690516308337,-1.242620410504375
137657.809059889,0.8227901580103207,0.49875854200217873,-12.867284516175102,12.867284516175102,0.0777164753560029,0.49875854200217873,0.6406041051874158,0.4103736195829698,-0.8906872669602022
138033.657579908,0.8164941440045368,0.3649844559840858,-6.116561875844679,6.116561875844679,0.16349053934190813,0.3649844559840858,0.5459007885721431,0.2980076709636877,-1.2106360513191543
138584.947032954,0.38450020700111054,0.9890411770029459,-4.287268284940614,4.287268284940614,0.23324875737601564,0.38450020700111054,0.6166737689331813,0.3802865372902547,-0.9668302649105117
138879.71633916,0.9981932819937356,0.8555538280052133,34.94448011363047,34.94448011363047,0.028616822935933144,0.8555538280052133,0.92412557777546,0.8540080834988278,-0.15781461978306244
139352.804473744,1.1084507500054315,0.5388177989807446,-18.77202367544215,18.77202367544215,0.05327076170845743,0.5388177989807446,0.7728214498812013,0.5972529933964821,-0.5154144808231319
139862.392463712,0.5912026989972219,0.25300031699589454,-4.02118787728319,4.02118787728319,0.2486827351811335,0.25300031699589454,0.3867485879161365,0.14957447025512555,-1.8999608813795335
140724.379475678,0.2611291260109283,0.41938827800913714,-1.4155678678315489,1.4155678678315489,0.7064302763044908,0.2611291260109283,0.3309297425372253,0.1095144944957542,-2.2116983686614544
142232.793183166,0.45904334701481275,0.43598119300440885,-6.1915833406181,6.1915833406181,0.16150957598192822,0.43598119300440885,0.4473636843467012,0.2001342660722549,-1.608766807314251
142320.608423856,0.7325086219934747,0.3819405960093718,-4.127440640632246,4.127440640632246,0.24228089197833233,0.3819405960093718,0.5289374061892308,0.27977477966619135,-1.2737703578176598
142867.47997506,0.6162067920085974,0.5968636299949139,8.030531338560706,8.030531338560706,0.12452476154326642,0.5968636299949139,0.606458096413736,0.36779142270577236,-1.0002392876227992
144150.821724427,0.2755402549810242,0.5358432430075482,2.8881506231334644,2.8881506231334644,0.3462423296036624,0.2755402549810242,0.38424781561924165,0.14764638380815873,-1.9129351627402258
145463.555517685,0.5725972469954286,0.4277297070075292,5.636381744956756,5.636381744956756,0.17741878482499276,0.4277297070075292,0.4948907482370958,0.2449168526906725,-1.406836502811505
145869.113888704,1.2623995570174884,0.41303570597665384,-19.032850609519873,19.032850609519873,0.05254073709273055,0.41303570597665384,0.7220914708382404,0.5214160922573334,-0.6512069144044725
146402.568573758,0.9173614710161928,0.5267872810072731,-11.359287038492358,11.359287038492358,0.08803369407000418,0.5267872810072731,0.6951649840271391,0.4832543550174526,-0.7272121489995858
147557.799427578,0.2677315920009278,1.1855338830209803,-4.668691698691816,4.668691698691816,0.21419276845378407,0.2677315920009278,0.5633869663670333,0.31740487387224875,-1.1475771153925742
147960.56361071,0.6685162920039147,0.46960941099678166,8.285735602900173,8.285735602900173,0.12068934466723509,0.46960941099678166,0.5603048653453858,0.31394154212971087,-1.1585484819673904
149894.9972274,0.8844074809749145,0.6893690110009629,-21.972822409984303,21.972822409984303,0.04551076695297945,0.6893690110009629,0.7808220735106877,0.6096831104815298,-0.49481594781087257
150182.922067448,0.6579091259918641,0.2694773100083694,-4.503447584792151,4.503447584792151,0.22205210145599003,0.2694773100083694,0.42106006875770696,0.17729158150224492,-1.7299595486860895
150634.520557986,0.7471817350015044,0.5976098859973717,7.1240085251841725,7.1240085251841725,0.1403704103476136,0.5976098859973717,0.668223908187643,0.4465231914735675,-0.8062639394241524
151395.781787239,0.5115454009792302,0.5645170410280116,4.481982178555899,4.481982178555899,0.22311556810388777,0.5115454009792302,0.5373789129769447,0.2887760961122827,-1.242103645083378
151637.866192968,0.4163094370160252,0.718442518991651,-6.618125257378564,6.618125257378564,0.15110019244273107,0.4163094370160252,0.5468952373259336,0.2990944006097892,-1.2069960343178963
152923.539654509,0.8901189669850282,0.4684850190242287,5.681668912924371,5.681668912924371,0.17600462387473,0.4684850190242287,0.6457611022520695,0.41700740118180774,-0.8746513087034122
153330.772299583,0.7618626370094717,0.04147256398573518,-1.3554853292553593,1.3554853292553593,0.7377431377655365,0.04147256398573518,0.17775375372046648,0.03159639696171625,-3.4547121850889204
155590.263506435,0.5505694000166841,0.7887708269990981,-7.974568222998622,7.974568222998622,0.12539863877720728,0.5505694000166841,0.6589939916050503,0.43427308097155715,-0.8340817239284264
155591.539180432,0.486903170007281,0.6763654849783052,-7.886658775821158,7.886658775821158,0.12679640750602655,0.486903170007281,0.5738680150691872,0.3293244987194488,-1.1107116960128574
155766.983452252,0.36657067900523543,0.7256170310138259,10.110215120506316,10.110215120506316,0.09890986374481024,0.36657067900523543,0.5157421136154203,0.26598992775650115,-1.3242968364944205
155796.43820075,0.2186247710196767,1.1185377469810192,-9.6496141850863,9.6496141850863,0.10363108626099507,0.2186247710196767,0.49450991780811676,0.24454005881059038,-1.4083761437713547
155925.760114466,0.4783484809740912,0.5499203050276265,-3.6319360531043623,3.6319360531043623,0.2753352441723911,0.4783484809740912,0.5128874560435008,0.263053542566774,-1.3353976836206796
156191.763215226,0.242835217009997,0.7876112609810662,5.36161907785611,5.36161907785611,0.1865108254575703,0.242835217009997,0.43733254107127056,0.19125975147985458,-1.6541228194453836
158446.73256819,0.9630474119912833,0.32884976401692256,5.18531634009978,5.18531634009978,0.19285226482069506,0.32884976401692256,0.5627591973219465,0.3166979141704415,-1.1498069115961387
159432.550879598,0.3558008340187371,0.33905624598264694,-2.5720448400489673,2.5720448400489673,0.3887957101016022,0.33905624598264694,0.3473276480499182,0.12063649509988786,-2.1149734276985046
159822.637146562,0.10469867900246754,0.7266172500094399,-2.17525388690384,2.17525388690384,0.45971645241988546,0.10469867900246754,0.27581853856547434,0.07607586621639405,-2.5760241969163213
160338.919722229,0.9401225290203001,0.7206314869981725,14.802247661150073,14.802247661150073,0.0675573077070313,0.7206314869981725,0.8230928842168309,0.6774818960483815,-0.3893724482851181
160653.622539974,0.5784401980054099,1.1119146069977432,-16.562104758357787,16.562104758357787,0.06037879934887906,0.5784401980054099,0.801982609186061,0.6431761054368822,-0.4413367113147754
164475.320985461,0.5543728180055041,0.5176839669875335,-4.390659028661639,4.390659028661639,0.22775624193819946,0.5176839669875335,0.5357144011646012,0.2869899196151473,-1.248308187131523
164608.643737655,0.31903079099720344,0.4964904030202888,-3.2814833607799376,3.2814833607799376,0.3047402317963671,0.31903079099720344,0.39798960538949135,0.15839572599808305,-1.8426587823011755
164883.689134891,0.47317033298895694,1.1913068180147093,-8.291353358785454,8.291353358785454,0.12060757233804391,0.47317033298895694,0.7507936093042047,0.5636910437720347,-0.5732489723088628
165685.575586817,1.0350519389903639,1.0015021380095277,-37.208973476245205,37.208973476245205,0.02687523751867048,1.0015021380095277,1.0181388558785862,1.0366067298497565,0.03595261898638716
166045.034770351,0.3994418240035884,0.6044228380196728,6.840568128549099,6.840568128549099,0.14618668818259434,0.3994418240035884,0.4913570604845356,0.24143176088800355,-1.42116840942888
166056.11836657,0.6119381510070525,1.1658248269814067,27.322573777002056,27.322573777002056,0.03659977307268613,0.6119381510070525,0.8446376081025039,0.7134126890211189,-0.3376952195304712
166592.251224445,0.29178040599799715,1.0178920959879179,-7.701014170368512,7.701014170368512,0.129853026871154,0.29178040599799715,0.5449779527921353,0.29700096902950696,-1.2140198774591473
166767.823630436,0.5967223140178248,0.3447445879864972,-3.6308278084914405,3.6308278084914405,0.27541928528290255,0.3447445879864972,0.45356012643135224,0.20571678828842424,-1.5812548702504494
166768.168375024,0.3447445879864972,0.9352547050220892,3.9925117598867264,3.9925117598867264,0.25046889280255286,0.3447445879864972,0.5678239145591467,0.3224239979452731,-1.1318878358057118
167009.53741178,0.48515949901775457,0.7163806909811683,-9.626910093031325,9.626910093031325,0.10387548967803018,0.48515949901775457,0.5895412599152128,0.34755889714241645,-1.0568211401591734
169839.844234408,0.5169513919972815,0.44878116401378065,3.377427026226423,3.377427026226423,0.29608337714917066,0.44878116401378065,0.48166175625544966,0.2319980474390842,-1.4610263235620877
169927.444784282,0.520469626004342,1.3318342769925948,-19.22573746860351,19.22573746860351,0.052013609445829834,0.520469626004342,0.8325738934449597,0.6931792880460991,-0.36646660034341366
169988.54675728,0.409288369002752,0.49962710798718035,3.7022851305596443,3.7022851305596443,0.27010345360645904,0.409288369002752,0.45220743485444254,0.2044915641376349,-1.5872285555108427
170322.447579282,0.9927123099914752,0.31382134300656617,7.033578608273479,7.033578608273479,0.1421751366827289,0.31382134300656617,0.5581525869694374,0.31153431034067536,-1.1662458012642654
171245.167870457,0.7112349619856104,0.16782003300613724,-2.6136635011879332,2.6136635011879332,0.3826047230431504,0.16782003300613724,0.3454844060092205,0.1193594747955439,-2.1256155427077488
171569.744996401,0.5649475349928252,0.7954644290148281,-11.482509235820942,11.482509235820942,0.08708897850309502,0.5649475349928252,0.6703697996974523,0.4493956683464023,-0.7998515580259098
171971.380917446,0.7015821099921595,0.3802726569992956,5.279465242595653,5.279465242595653,0.18941312311933117,0.3802726569992956,0.5165195960173152,0.26679249306989056,-1.3212841022559696
173323.399944191,0.3695505670038983,0.581559350976022,3.5031411541304314,3.5031411541304314,0.2854580948931889,0.3695505670038983,0.46358989192993416,0.21491558789960802,-1.5375099423681229
173466.71397625,0.2589529099932406,0.5212218799861148,-2.0260856469065693,2.0260856469065693,0.4935625507869332,0.2589529099932406,0.36738525089414253,0.13497192257455204,-2.0026885031039843
173662.775104825,0.5727032090071589,0.7509752080077305,19.00988104204211,19.00988104204211,0.052604221866954744,0.5727032090071589,0.655809356071447,0.4300859115108459,-0.8437702960394647
175651.7427425,0.5787667419936042,0.569808504980756,-4.541965285261393,4.541965285261393,0.22016900993166647,0.569808504980756,0.5742701559265975,0.32978621198795854,-1.1093106769229468
176368.805993612,0.941696440015221,0.8843410979898181,15.888870813833178,15.888870813833178,0.06293713453377564,0.8843410979898181,0.9125682789447392,0.8327808637361634,-0.18298474016804772
176828.964740666,0.5597576040017884,0.5301141429808922,4.8097235660122735,4.8097235660122735,0.20791215675396846,0.5301141429808922,0.5447342678062816,0.2967354225224457,-1.2149143704649505
177002.894711088,0.4420645920035895,1.1228027089964598,9.404036108941746,9.404036108941746,0.10633732031815134,0.4420645920035895,0.7045220517862056,0.49635132145304506,-0.7004712936087695
178277.494647016,0.6324665319989435,0.7517746030061971,-12.712148320507241,12.712148320507241,0.0786649097215771,0.6324665319989435,0.6895449775092355,0.47547227600821207,-0.7434467036213861
178396.781180184,0.1434879560256377,0.9503014959918801,1.6895789556968561,1.6895789556968561,0.5918634323825112,0.1434879560256377,0.36926524243148123,0.1363568192679806,-1.9924801579746585
178476.259908511,0.5278324600076303,0.5711437169811688,-8.86860199599434,8.86860199599434,0.11275734331653034,0.5278324600076303,0.5490611925387481,0.30146819315207213,-1.1990907637296007
178561.173243475,0.2913070170034189,0.7536406099970918,2.5640015880444547,2.5640015880444547,0.39001535906328855,0.2913070170034189,0.4685518092920886,0.2195407979908898,-1.5162171958981534
178800.069801726,0.48261501200613566,0.3614320390042849,6.443406252875183,6.443406252875183,0.15519741589377187,0.3614320390042849,0.4176512035699826,0.17443252784345503,-1.7462172720347717
179036.101399603,0.9614803350123111,0.3677102969959378,-10.703197285710827,10.703197285710827,0.09343002593580498,0.3677102969959378,0.5945975273604245,0.3535462195431307,-1.039741053838354
180026.983008903,0.669309983990388,0.3713726000278257,-7.13249621445437,7.13249621445437,0.14020336918980042,0.3713726000278257,0.4985613191765811,0.24856338897909278,-1.3920573795394855
180894.883340521,0.6158604229858611,0.5877897180034779,-12.94798544131527,12.94798544131527,0.07723209178233513,0.5877897180034779,0.601661386791908,0.3619964243563619,-1.016120944673762
181181.235806646,0.6410619870002847,0.553199127985863,-3.9690222710930136,3.9690222710930136,0.2519512191410843,0.553199127985863,0.5955123274907432,0.35463493219344217,-1.0366663786501429
181535.425760427,0.351051956997253,0.2837908579967916,1.8656397615749651,1.8656397615749651,0.5360091592150696,0.2837908579967916,0.31563481442594893,0.09962533607770321,-2.306338768450063
181660.627732801,0.7216658190009184,0.3071836960152723,2.6183929378412114,2.6183929378412114,0.3819136484627364,0.3071836960152723,0.47083327576605144,0.22168397356859063,-1.5065024537929035
182755.946105969,0.4863541679806076,0.5845915520039853,8.997907590418253,8.997907590418253,0.11113694933529726,0.4863541679806076,0.5332152828674271,0.28431853788339034,-1.2576600570925696
182913.455946107,0.7582866329757962,0.17015506501775235,-1.4861426469203156,1.4861426469203156,0.6728829174455541,0.17015506501775235,0.35920232646252326,0.12902631133608913,-2.04773893157261
183393.673157833,0.706067527004052,0.4095316070015542,-4.920017481997307,4.920017481997307,0.20325131031730498,0.4095316070015542,0.5377331763854474,0.2891569689855827,-1.2407855930408802
183409.622799276,0.7683693199942354,0.7744665709906258,-12.222341727368393,12.222341727368393,0.08181738183287657,0.7683693199942354,0.7714119214209322,0.5950763525103344,-0.5190655581224889
184639.540154896,1.4095705040090252,0.4583966899954248,20.48505979089819,20.48505979089819,0.048816064498103856,0.4583966899954248,0.803829865924948,0.6461424533529199,-0.4367352834834287
185300.15801074,0.3321695020131301,0.4760392580064945,-6.074415555397171,6.074415555397171,0.16462489121467683,0.3321695020131301,0.39765025244643976,0.15812572327071725,-1.8443648454667518
185841.344210756,0.3930620530154556,0.6849936349899508,-4.996801763084429,4.996801763084429,0.20012801135875347,0.3930620530154556,0.5188882389028198,0.2692450044716697,-1.3121335166120203
185862.264298819,0.5542560030007735,1.2838748279900756,24.245327235244364,24.245327235244364,0.041245060967720994,0.5542560030007735,0.8435611006412546,0.7115953305150848,-0.3402458851638066
186690.10639572,0.68579466099618,0.6617060930002481,8.620023576548101,8.620023576548101,0.11600896344653053,0.6617060930002481,0.6736427137052785,0.4537945057282119,-0.7901108139635191
188455.314942002,0.7191389810177498,0.7468857920030132,-21.77453748745506,21.77453748745506,0.045925200504310544,0.7191389810177498,0.7328810868058213,0.5371146873976819,-0.6215436367032561
188563.744449553,0.46800236200215295,0.8461676599981729,-13.06853018242549,13.06853018242549,0.0765196993113117,0.46800236200215295,0.6292920335813728,0.39600846352897956,-0.9263196954081179
189531.95710963,0.4713763860054314,0.3440279920178,3.1699050060360667,3.1699050060360667,0.31546686670288887,0.3440279920178,0.4026992321349222,0.16216667156205597,-1.819130635836792
189854.953665499,0.1940804100013338,0.591496797016589,3.116823007624596,3.116823007624596,0.32083952074074407,0.1940804100013338,0.33881844825725665,0.1147979408794553,-2.164581731847644
190364.701571171,0.7340078029956203,0.7172155070002191,-11.118997283259288,11.118997283259288,0.0899361673112013,0.7172155070002191,0.7255630769048413,0.5264417785676208,-0.6416145355405634
190551.315256277,0.26509455702034757,0.827681599999778,6.776461157492463,6.776461157492463,0.14756964981557372,0.26509455702034757,0.46841636084346333,0.21941388710583365,-1.516795437310769
190698.623388016,0.30299514601938426,0.5991018059721682,2.0140919707826392,2.0140919707826392,0.4965016565809645,0.30299514601938426,0.4260574364812964,0.18152493918101392,-1.7063622287605658
191421.33167329,0.41064925500540994,0.746210440993309,-10.061092767971717,10.061092767971717,0.09939278198322354,0.41064925500540994,0.5535618860354827,0.3064307616711608,-1.1827634490560637
191608.740910906,0.7742347099992912,0.42200890800449997,-7.846410810758386,7.846410810758386,0.1274468064594423,0.42200890800449997,0.5716064594683843,0.3267339445059816,-1.1186090646216167
191744.370419136,0.44021745497593656,0.5415190860221628,5.049288122653435,5.049288122653435,0.19804771993769554,0.44021745497593656,0.4882480454334372,0.23838615386957177,-1.433863424883775
192781.581537725,0.5474014669889584,0.8239354270044714,-11.569155202505822,11.569155202505822,0.08643673479143965,0.5474014669889584,0.6715828031199291,0.4510234614464215,-0.7962359198869988
194099.383459815,0.937260384002002,0.343662711995421,4.791952554564352,4.791952554564352,0.20868320139094373,0.343662711995421,0.5675398183493363,0.32210144541199764,-1.132888735191539
194314.784801922,0.5563006190059241,0.4866168999869842,-6.307301968060188,6.307301968060188,0.15854639671034335,0.4866168999869842,0.5202934582343922,0.2707052826815032,-1.3067245676594124
196377.645570105,0.9958651440101676,0.5314427469857037,-17.273750590306584,17.273750590306584,0.0578913070888707,0.5314427469857037,0.727492479521319,0.5292453077600768,-0.6363032348353223
196633.684036072,0.37649365098332055,0.7195871010189876,-6.383929742689427,6.383929742689427,0.15664332790396895,0.37649365098332055,0.520499735699397,0.2709199748631421,-1.3059317974187614
197996.898603377,0.5137918169784825,1.0239098300226033,8.475749978535891,8.475749978535891,0.11798365956197554,0.5137918169784825,0.7253113069499486,0.5260764919894425,-0.6423086547840253
198372.210609427,0.9668632480024826,0.7292761809949297,29.265755830988326,29.265755830988326,0.034169628345670146,0.7292761809949297,0.8397084833724167,0.7051103370476042,-0.3494009819652229
198876.726111174,0.5235447339946404,0.38503082099487074,2.7159952562150362,2.7159952562150362,0.3681891556002136,0.38503082099487074,0.44897757043921205,0.20158085875749762,-1.6015646939320378
199384.968286516,0.37974168700748123,0.7606299880135339,-4.402252926398175,4.402252926398175,0.22715641666190628,0.37974168700748123,0.5374410803397333,0.2888429148367396,-1.241872285922795
199615.972946239,0.16702356599853374,0.8402354620047845,3.6860410557798438,3.6860410557798438,0.27129377694585477,0.16702356599853374,0.3746186369395743,0.1403391231424646,-1.9636934772716808
200650.899044973,0.3781974899757188,0.6902586600044742,4.745330102683547,4.745330102683547,0.2107334955337431,0.3781974899757188,0.5109345287291662,0.2610540926476952,-1.3430276416093374
200963.438921285,0.3181419300090056,0.7977413729822729,7.165004126492387,7.165004126492387,0.13956726086207405,0.3181419300090056,0.5037806864585167,0.2537949800486143,-1.3712285030597364
201608.518903915,1.5431435920181684,0.2970310039818287,16.708603459560074,16.708603459560074,0.05984940647016404,0.2970310039818287,0.6770239954575332,0.458361490425282,-0.780097125781384
202417.779965227,0.7136675670044497,0.48013514798367396,-7.201174763240099,7.201174763240099,0.13886623125780934,0.48013514798367396,0.5853690142934028,0.34265688289483,-1.071025673906085
203279.327848722,0.42343105300096795,0.9275748050131369,-7.986949448699399,7.986949448699399,0.12520424805779143,0.42343105300096795,0.6267088450180675,0.3927639764238801,-0.9345464164225922
205103.977609931,0.2397028059931472,0.6313625019975007,2.7557436269989553,2.7557436269989553,0.36287845872259694,0.2397028059931472,0.3890236025328732,0.1513393633276549,-1.8882305246252653
205699.98839924,0.48619609299930744,0.6079458979947958,4.839797348473586,4.839797348473586,0.20662022146761744,0.48619609299930744,0.543673542082034,0.2955809203600252,-1.2188126374580004
205990.672859205,0.38594405600451864,0.5213751810078975,-2.257115467467479,2.257115467467479,0.4430433508667665,0.38594405600451864,0.4485773646298685,0.20122165205827802,-1.6033482319428214
206677.740291184,0.5270490309922025,0.6386101790121756,5.909166847631758,5.909166847631758,0.1692285944508022,0.5270490309922025,0.5801541829808039,0.33657887603012415,-1.0889227560868127
207294.044483523,0.43600811099167913,0.45596036800998263,5.721400666713745,5.721400666713745,0.17478237554972348,0.43600811099167913,0.4458726485703102,0.19880241874310337,-1.6154438181178654
207486.772601725,0.5353304510063026,1.2470982899831142,12.327118363124546,12.327118363124546,0.08112195977540129,0.5353304510063026,0.8170738583664572,0.6676096900258492,-0.404051572581626
207588.247383546,0.34446105000097305,0.3331631360051688,2.5758442967812334,2.5758442967812334,0.3882222233888891,0.3331631360051688,0.33876499767531687,0.11476172364995743,-2.1648972683760026
207861.753127203,0.7485022470063996,0.6960858200036455,-13.674888721035018,13.674888721035018,0.07312673765759993,0.6960858200036455,0.7218183984784683,0.5210218003820208,-0.6519633947605683
208126.836936341,0.3645230009860825,1.0866140670259483,17.33575510905103,17.33575510905103,0.05768424817433526,0.3645230009860825,0.6293614387821921,0.39609582062599086,-0.9260991257202299
208801.629548801,0.406895269989036,0.8197091520123649,7.126039760229162,7.126039760229162,0.14033039860106558,0.406895269989036,0.5775255636944178,0.333535776720555,-1.09800514285677
209137.895716646,0.40382454797509126,0.12742323000566103,-1.12158512716801,1.12158512716801,0.8915952750951583,0.12742323000566103,0.22684053486659334,0.05145662825856215,-2.9670159958732656
209508.486925177,0.5486336880130693,0.35992132799583487,-3.1265233047498677,3.1265233047498677,0.31984408959331373,0.35992132799583487,0.4443703023075647,0.19746496557291646,-1.62219409988056
209778.628828102,0.7010134599986486,0.41487528700963594,-5.862434727123755,5.862434727123755,0.1705775921688808,0.41487528700963594,0.5392894959245519,0.2908331604145573,-1.235005508136968
210280.475124961,0.7213859180046711,0.5440300400077831,-5.790795607618835,5.790795607618835,0.1726878425279455,0.5440300400077831,0.6264627760953818,0.39245560983313255,-0.9353318441220462
210843.35687177,0.3641731859825086,0.5749800759949721,-5.188629313349915,5.188629313349915,0.19272912740694012,0.3641731859825086,0.4575940626270777,0.2093923261515539,-1.5635456280579292
211904.966848656,0.35960018902551383,0.8576081159990281,7.923520200655663,7.923520200655663,0.12620653127346745,0.35960018902551383,0.5553341702282197,0.3083960406230653,-1.1763704758219866
213368.927338101,0.8634082869975828,0.3595503749966156,-1.9899126335293658,1.9899126335293658,0.5025346254656273,0.3595503749966156,0.5571703270680936,0.31043877336516634,-1.1697685842822996
214768.789003146,0.3672108750033658,0.852155891014263,-11.87606749357421,11.87606749357421,0.08420295695869617,0.3672108750033658,0.5593933413785155,0.31292091037862035,-1.1618048028680052
216485.394308863,0.5054702440102119,0.6370750140049495,7.577217548950675,7.577217548950675,0.1319745663285706,0.5054702440102119,0.5674702307450946,0.32202246278189095,-1.1331339756786498
217875.160479046,1.134141960006673,0.21902155099087395,-3.1798907761937154,3.1798907761937154,0.31447621015366634,0.21902155099087395,0.4983989678204513,0.24840153112449123,-1.392708764994583
218083.203895823,0.44764828600455076,0.677920494985301,6.316952780524349,6.316952780524349,0.15830417524776771,0.44764828600455076,0.5508810648656629,0.30346994762752666,-1.1924726927344942
218384.365199199,0.505429696990177,0.7189491059980355,-7.218834515710005,7.218834515710005,0.13852651668683466,0.505429696990177,0.6028086170551528,0.3633782287959458,-1.0123110345672155
218528.541456894,0.36163512599887326,0.5675830469990615,-3.7941026052885345,3.7941026052885345,0.26356693638335377,0.36163512599887326,0.4530540439244859,0.20525796671633,-1.5834877167069872
218558.360276709,0.6010446629952639,0.9814698410045821,-22.098301845394314,22.098301845394314,0.04525234594930733,0.6010446629952639,0.7680541711537112,0.5899072098266144,-0.5277900259311427
220505.261890569,0.3796508900122717,0.4465541710087564,3.780551128964841,3.780551128964841,0.26451169839721533,0.3796508900122717,0.41174590278734596,0.16953468846216654,-1.7746977214057356
221169.059436505,0.3892594699864276,0.7310206440160982,7.32218017657699,7.32218017657699,0.13657134567637547,0.3892594699864276,0.5334385704454107,0.28455670843884334,-1.2568227186043561
223522.178132533,0.9744007090048399,0.2802805519895628,4.909097808693518,4.909097808693518,0.20370341740372347,0.2802805519895628,0.5225950330599191,0.2731055685788979,-1.2978968604544137
223772.188221656,0.6696407129929867,0.35312065901234746,-8.780266256087376,8.780266256087376,0.11389176259964759,0.35312065901234746,0.4862756110207273,0.23646396987358168,-1.4419594299137544
223897.28358251,0.3712927829765249,0.3941010310081765,5.198427023350245,5.198427023350245,0.19236588212322872,0.3712927829765249,0.3825269514386452,0.1463268685769436,-1.921912333840644
224986.015271049,0.4613961619907059,0.9561606560018845,-17.66381171146636,17.66381171146636,0.05661292230322269,0.4613961619907059,0.6642054327734643,0.4411688569257851,-0.8183275812977531
225290.825291275,1.2100003999948967,0.3634307530010119,-9.449380186716363,9.449380186716363,0.10582704687930411,0.3634307530010119,0.6631375094968395,0.4397513565016709,-0.8215458106582074
229747.644284849,0.6501810050103813,0.7480438259954099,-11.762443455917795,11.762443455917795,0.08501634917504242,0.6501810050103813,0.6973979399005322,0.4863638865775064,-0.7207981974321633
230648.336029322,0.4345032529963646,0.6534096469986252,6.277532351777984,6.277532351777984,0.15929826306936837,0.4345032529963646,0.5328307584591087,0.28390861716010896,-1.2591028631631829
230789.083391218,0.4717706920055207,0.37836746498942375,-4.753534918889455,4.753534918889455,0.21036975999192303,0.37836746498942375,0.42249577606224076,0.17850268079043508,-1.7231516594414091
234164.917276189,0.1367488479882013,0.9487621970183682,-2.0024728550031736,2.0024728550031736,0.49938254968176093,0.1367488479882013,0.3601973590367047,0.12974213745701674,-2.042206356406032
234518.965998342,0.47620516299502924,0.8775087440153584,7.315974710186788,7.315974710186788,0.13668718654912743,0.47620516299502924,0.6464318946906914,0.41787419447339713,-0.8725748619173259
235658.696962804,0.6611073260137346,0.864033773978008,13.437334504324188,13.437334504324188,0.0744195211988059,0.6611073260137346,0.7557903531404435,0.5712190579001564,-0.5599825038422086
236944.690391101,0.4047723409894388,0.6765519239997957,6.941576910078006,6.941576910078006,0.14405948575577512,0.4047723409894388,0.5233063214583846,0.2738495060783062,-1.295176571375336
238521.657621622,0.4902687639987562,0.28474690101575106,-3.3611772816587475,3.3611772816587475,0.29751480395181595,0.28474690101575106,0.37363419438465273,0.13960251121346845,-1.9689561001804976
239086.265878487,0.8090198469872121,0.720877109997673,-13.581126537424884,13.581126537424884,0.07363159434855025,0.720877109997673,0.7636778700649254,0.583203889226901,-0.5392184295395184
241157.183802671,0.2859551229921635,0.6115998569875956,-7.774339691867975,7.774339691867975,0.12862828737030985,0.2859551229921635,0.4181986517516257,0.1748901123268775,-1.7435974318496583
241552.636577218,0.7213078920030966,0.2892053260002285,-3.5720249925864715,3.5720249925864715,0.27995324838864266,0.2892053260002285,0.45673415030331727,0.2086060840532932,-1.5673075707176185
241578.870945993,0.63113439900917,0.4872460410115309,-6.8118956314607155,6.8118956314607155,0.14680201431470905,0.4872460410115309,0.5545428182416665,0.30751773726341,-1.1792225112416854
242797.147304884,0.5426830830110703,0.5929794719850179,-13.702165550711298,13.702165550711298,0.07298116464138682,0.5426830830110703,0.5672741207027746,0.32179992801910606,-1.133825268105961
243245.212056692,0.9580803569988348,0.1311303999973461,-1.939094784067228,1.939094784067228,0.5157045484401294,0.1311303999973461,0.35444810684056044,0.12563346044285736,-2.0743866556276767
243352.568458801,0.8549108699953649,0.4155169930018019,14.743770581467667,14.743770581467667,0.06782525504411743,0.4155169930018019,0.5960117398047026,0.3552299939850284,-1.0349898289037736
243938.317785622,0.557415432005655,0.8320015379867982,8.344124480232212,8.344124480232212,0.11984480844803631,0.557415432005655,0.6810069725974034,0.4637704967262805,-0.7683654682446672
244301.070825112,0.38313054500031285,0.6846963099960703,9.321502428473845,9.321502428473845,0.10727884347756632,0.38313054500031285,0.5121797247143796,0.2623280704084976,-1.3381593814093193
246372.102173893,0.8996836430160329,0.5761829659750219,17.513331558523888,17.513331558523888,0.057099358660476655,0.5761829659750219,0.7199877706407176,0.5183823898721907,-0.6570421046750241
246382.237049918,0.3096139060216956,1.1252116349933203,7.197178108816714,7.197178108816714,0.13894334486108886,0.3096139060216956,0.5902382310655083,0.34838116941134034,-1.0544580842264155
246564.319647014,0.44020289098261856,0.44290142599493265,3.318688734950583,3.318688734950583,0.3013238299417949,0.44020289098261856,0.44155009698027886,0.19496648814329365,-1.6349275908626861
247684.045141268,1.012435454991646,0.18133400101214647,-6.794518899060499,6.794518899060499,0.14717745507165686,0.18133400101214647,0.42847283673552533,0.18358897182018813,-1.6950558689386463
247894.868274581,0.5968526219949126,0.39355614798842,6.510341221344474,6.510341221344474,0.15360177999909602,0.39355614798842,0.4846596938358979,0.23489501882910632,-1.4486165930376127
248452.579321432,0.9167818269925192,0.5390218610118609,13.699172181063938,13.699172181063938,0.07299711156140352,0.5390218610118609,0.7029690224521715,0.4941654465273616,-0.7048849058660116
248955.11912091,0.4530583769956138,0.8369723469950259,-9.19283752855728,9.19283752855728,0.10878034087881237,0.4530583769956138,0.6157900073237436,0.3791973331197761,-0.9696985415379842
249660.838670919,0.4732168600021396,1.0058341959957033,24.17111650777324,24.17111650777324,0.0413716925189785,0.4732168600021396,0.689911371055633,0.4759776999118634,-0.742384274772819
250001.770172137,0.726609636010835,0.6788355039898306,-10.79263182906187,10.79263182906187,0.09265580590892103,0.6788355039898306,0.7023164660359904,0.4932484184652825,-0.7067423404397832
252114.568313397,1.2304049819940701,0.38935024000238627,-10.29756975317067,10.29756975317067,0.09711029145416522,0.38935024000238627,0.6921405023833839,0.479058475039523,-0.735932611695282
252588.32660181,0.7897488989983685,1.068063170008827,-39.38383393520594,39.38383393520594,0.025391128797800495,0.7897488989983685,0.9184234930440197,0.8435017125751785,-0.17019334667786878
253861.120388921,0.3709164980100468,0.7693555410078261,-4.242480536642227,4.242480536642227,0.23571115798010578,0.3709164980100468,0.5341972135787005,0.2853666629952478,-1.2539803887674261
253921.964560728,1.3003816150012426,0.5838134160148911,-28.80878453831732,28.80878453831732,0.034711634524877064,0.5838134160148911,0.8713094931061158,0.7591802327768364,-0.27551606893682296
254243.413036443,0.4501734049990773,0.15928289201110601,1.1219777490662923,1.1219777490662923,0.8912832726247896,0.15928289201110601,0.2677777471238787,0.07170492185473992,-2.6351958886176083
255218.065193734,0.6766197459946852,0.7099541240022518,20.94959165808078,20.94959165808078,0.0477336272859655,0.6766197459946852,0.6930865595654578,0.48036897905028286,-0.7332007640288497
255336.149035188,0.809674415999325,0.3750687680148985,-8.705808623032869,8.705808623032869,0.11486583766088197,0.3750687680148985,0.5510749365576784,0.3036835857020493,-1.1917689561288025
255367.474766179,0.17900747898966074,0.7287468170106877,-3.0222428029317143,3.0222428029317143,0.330880099715997,0.17900747898966074,0.36118019122706996,0.13045113053482282,-2.036756601014394
255617.103701975,0.6168843479827046,0.7648754190013278,14.974791542350221,14.974791542350221,0.0667788928595032,0.6168843479827046,0.6869058699258815,0.47183967413863215,-0.7511160245337714
255645.415160596,0.4419875530002173,0.4220577710075304,3.731722575525537,3.731722575525537,0.26797276050435515,0.4220577710075304,0.4319077232839723,0.18654428143234442,-1.6790866341276576
257180.953305084,0.4725821040046867,1.0965512029943056,-12.925809861766231,12.925809861766231,0.07736459151839607,0.4725821040046867,0.7198683731488135,0.5182104746599193,-0.6573737975116811
258194.80273715,0.7344777380058076,0.2210460840142332,2.750558338506193,2.750558338506193,0.3635625487380472,0.2210460840142332,0.4029310459393961,0.16235342778181572,-1.817979667124813
258491.587197554,0.7560807540139649,0.8113003559992649,15.823431498580343,15.823431498580343,0.06319741707667637,0.7560807540139649,0.7832040506124329,0.6134085848957224,-0.4887240318085924
260317.106573579,0.5669041419751011,0.31158009701175615,3.2652115082851756,3.2652115082851756,0.30625887403085267,0.31158009701175615,0.4202809150472674,0.17663604755296838,-1.7336638918629022
260377.728538617,0.5489999669953249,0.7989137159893289,-11.086236732821728,11.086236732821728,0.09020193453378247,0.5489999669953249,0.6622715483170434,0.438603603710254,-0.8241592266384556
260736.889809933,0.6047544470056891,0.5109648590150755,-13.88663152416014,13.88663152416014,0.07201170408102117,0.5109648590150755,0.5558851237018327,0.3090082707530019,-1.174387236251655
261321.220668838,0.37303333802265115,1.0421451369766146,6.521659854497695,6.521659854497695,0.15333519722135538,0.37303333802265115,0.623502108376916,0.38875487915045953,-0.9448062646981052
264082.989275959,0.8317320959758945,1.0381533310282975,-36.74008539455256,36.74008539455256,0.02721822742818855,0.8317320959758945,0.9292284143097016,0.8634654459605225,-0.14680139845487986
264546.895600457,0.37051477399654686,0.4624000030453317,-6.320748446710783,6.320748446710783,0.15820911216936406,0.37051477399654686,0.4139154897129892,0.17132603262434365,-1.7641869142449251
264566.906013184,0.3795144580071792,0.4427445670007728,-2.8877071167351693,2.8877071167351693,0.34629550698015255,0.3795144580071792,0.40991214227065964,0.16802796438092152,-1.7836248587825736
264639.210122696,1.0046443690080196,0.7621442209929228,-15.441671429342886,15.441671429342886,0.06475982891979942,0.7621442209929228,0.8750336564913052,0.7656838999925435,-0.26698585760554644
265602.53027724,0.6500706379883923,0.44092078204266727,4.4175179395315265,4.4175179395315265,0.2263714632715332,0.44092078204266727,0.5353780478174441,0.28662965408481755,-1.2495643003961923
265950.402273444,1.618166050000582,0.15909575100522488,-5.98556821646378,5.98556821646378,0.16706851611003626,0.15909575100522488,0.507388749358912,0.25744334297600086,-1.3569556103655653
267258.994259163,0.42637208296218887,0.52341783803422,-5.274918421021052,5.274918421021052,0.18957639155420958,0.42637208296218887,0.47240951923327706,0.223170753862216,-1.4998180881435652
267702.855932029,0.7062417840352282,0.27923603798262775,5.207249712570222,5.207249712570222,0.1920399549086373,0.27923603798262775,0.4440812511599423,0.19720815763177976,-1.6234954703680908
268825.022862787,0.5938832180108875,0.22122460399987176,5.325798042427317,5.325798042427317,0.18776528738672077,0.22122460399987176,0.3624659704394719,0.1313815797266281,-2.029649367487282
269134.688596429,0.28158186201471835,0.8651758370106108,7.185757441353162,7.185757441353162,0.1391641741544352,0.28158186201471835,0.4935765626076569,0.24361782315559027,-1.412154580159529
269313.369755447,0.770209975016769,0.4965491839684546,-14.262522938839957,14.262522938839957,0.07011382237828219,0.4965491839684546,0.6184231032060012,0.3824471345789405,-0.9611648455185995
269351.64961687,0.520226742955856,0.510734717012383,8.27997312731477,8.27997312731477,0.12077333882897566,0.510734717012383,0.5154588813337422,0.26569785834583287,-1.3253954866710118
269678.653775382,0.4636872839764692,0.5586835450376384,-6.572366037093804,6.572366037093804,0.15215220734148036,0.4636872839764692,0.5089739242837966,0.25905445560084794,-1.3507169860975963
270096.982186398,0.9111469420022331,0.3193161509698257,-3.4765346220570885,3.4765346220570885,0.2876427559948456,0.3193161509698257,0.5393921898656673,0.2909439344880801,-1.2346246953623434
270097.301502549,0.3193161509698257,0.337863915017806,1.800024084340025,1.800024084340025,0.5555481222167357,0.3193161509698257,0.32845913732926063,0.1078854048950821,-2.226685680973017
270114.257080103,0.5686467309715226,0.5599550650222227,-5.123899679546229,5.123899679546229,0.19516385224945695,0.5599550650222227,0.5642841635345026,0.3184166172158333,-1.1443946366255264
271954.746212665,0.4297850449802354,0.6622158919926733,-7.400339394538646,7.400339394538646,0.1351289375644024,0.4297850449802354,0.5334889754500066,0.28461048692669777,-1.2566337460548052
272734.407142889,0.3294899460161105,0.5844924980192445,3.8927983172787197,3.8927983172787197,0.25688461576890914,0.3294899460161105,0.4388443934006477,0.19258440161918244,-1.6472207713756208
272941.341624523,1.1164002919686027,0.11894617299549282,-2.0362417205644605,2.0362417205644605,0.491100830466627,0.11894617299549282,0.36440573851232927,0.1327915422607161,-2.01897473176377
274177.701926081,0.30726876197149977,0.9167397260316648,6.960803005225785,6.960803005225785,0.14366158606259297,0.30726876197149977,0.5307405021927774,0.2816854806678415,-1.2669641472533344
274674.803026079,0.6612578930216841,0.8399688649806194,-12.327008852607737,12.327008852607737,0.08112268044558542,0.6612578930216841,0.745275815964063,0.5554360418608999,-0.5880018126951259
275836.42860388,0.5136931960005313,0.6530337620060891,-9.201983628297038,9.201983628297038,0.10867222116380408,0.5136931960005313,0.5791882252784134,0.3354590003011582,-1.0922555348035605
276762.24764276,0.32831039099255577,0.9387304550036788,-5.73784461880142,5.73784461880142,0.1742814709069083,0.32831039099255577,0.5551530984502181,0.3081949627188776,-1.1770227004254146
276989.228666363,0.31451483396813273,0.9733412230270915,-8.057185250170265,8.057185250170265,0.12411282215198761,0.31451483396813273,0.5532903877302632,0.30613025315470493,-1.183744603694671
277341.404800805,0.6865304779494181,0.8481558490311727,19.25235451890388,19.25235451890388,0.051941698820167706,0.6865304779494181,0.7630759073715835,0.5822848404109655,-0.5407955344622126
277467.913090455,0.602404032018967,0.6264645429910161,-9.835944704613256,9.835944704613256,0.10166791599905801,0.602404032018967,0.6143165036157726,0.37738476661470755,-0.9744900108933181
277724.308705141,0.505350781022571,1.2079870119923726,31.63499553467424,31.63499553467424,0.031610562388223754,0.505350781022571,0.7813175922603224,0.6104571799754673,-0.493547127161575
278061.715514948,0.5358165910001844,0.7423684109817259,16.956500721083554,16.956500721083554,0.05897443207469153,0.5358165910001844,0.630692723311798,0.3977733112384522,-0.9218730057168011
278253.696385302,0.493212505010888,0.5755666900076903,-4.902686365328462,4.902686365328462,0.20396980868936407,0.493212505010888,0.5328007967144176,0.2838766889795182,-1.2592153288444154
278406.696378151,0.7757698870263994,0.6234189560054801,-12.959268317390894,12.959268317390894,0.07716485032245488,0.6234189560054801,0.6954348661596478,0.48362965307048716,-0.7264358447712751
278528.301654089,0.3355467980145477,0.8863675149623305,-4.754661626249085,4.754661626249085,0.21031990888253643,0.3355467980145477,0.5453602309572285,0.29741778150972165,-1.212617456865411
278563.250872524,0.7201459200005047,0.5595012200064957,7.51130217787537,7.51130217787537,0.13313270806032965,0.5595012200064957,0.6347617827366284,0.40292252082298263,-0.9090109915413878
278820.158054118,0.4811140759848058,0.7408835840178654,10.951531642358187,10.951531642358187,0.0913114286345312,0.4811140759848058,0.5970339361686793,0.35644952093706656,-1.0315626454029445
279688.241822977,0.5565632200450636,0.43134756898507476,5.14667266553121,5.14667266553121,0.19430029166169746,0.43134756898507476,0.48997162362012703,0.24007219195294344,-1.4268156010674056
280591.624710725,0.27340527798514813,0.5629932650481351,-2.9588354081681167,2.9588354081681167,0.33797081015030944,0.27340527798514813,0.39233318765336633,0.15392533013425155,-1.8712876634137245
281381.746211807,0.5890633999952115,0.747031781997066,6.1300228503667755,6.1300228503667755,0.16313152893715027,0.5890633999952115,0.6633619535424634,0.44004908140767335,-0.8208690096371156
283084.438832386,0.9873509560129605,0.10963910899590701,2.6351646555566144,2.6351646555566144,0.3794829282835741,0.10963910899590701,0.32901714101778645,0.10825227908351796,-2.2232908584318567
283429.932118883,0.5143959620036185,0.31505591300083324,2.701318305383954,2.701318305383954,0.3701896211219967,0.31505591300083324,0.40257109863102686,0.16206348945299195,-1.8197671103228439
284731.906835093,0.9496112039778382,0.5980384440044872,-28.472248432093185,28.472248432093185,0.03512191888831743,0.5980384440044872,0.7535940597139378,0.5679040068361341,-0.5658028765925008
284785.735282149,0.1841614849981852,1.2457264160038903,6.626237983025527,6.626237983025527,0.1509151954037428,0.1841614849981852,0.478972678419911,0.22941482667274346,-1.4722234439746507
285054.822719289,0.43420060200151056,0.9598516740370542,-6.734926164211971,6.734926164211971,0.1484797272632025,0.43420060200151056,0.6455758473634579,0.4167681746990466,-0.8752251477465456
285232.155223013,0.538696363044437,0.8133653620025143,-12.873745491069341,12.873745491069341,0.07767747161800821,0.538696363044437,0.6619342583195679,0.4381569623370764,-0.8251780713016624
285784.896338373,0.8380506400135346,0.5315602860064246,14.228036989120865,14.228036989120865,0.0702837644268585,0.5315602860064246,0.6674387147097939,0.4454744378934616,-0.8086154121833351
286619.611939507,0.47148341801948845,0.23861216800287366,-2.6464363719561224,2.6464363719561224,0.37786663250129326,0.23861216800287366,0.33541270183318234,0.1125016805510353,-2.1847871192178117
287614.99381199,0.5763574659940787,0.4988183410023339,-10.286016017460296,10.286016017460296,0.0972193702889944,0.4988183410023339,0.5361880966708189,0.2874976750114754,-1.2465405056940386
287901.504831433,0.19990044902078807,0.6433301100041717,-2.688368573909399,2.688368573909399,0.37197280525631565,0.19990044902078807,0.35861117921563307,0.12860197785842692,-2.0510330873713287
288599.768092131,0.3007749380194582,0.8010597929824144,4.207420159185947,4.207420159185947,0.23767533599341795,0.3007749380194582,0.49085508002277584,0.2409387095841657,-1.4232126949137045
289190.488910765,0.8538936909753829,0.2845412050373852,-10.912227077399764,10.912227077399764,0.09164032171499555,0.2845412050373852,0.4929177819920439,0.2429679398039561,-1.414825779308915
289652.754259836,0.7129441819852218,0.46744164102710783,-9.397235130904807,9.397235130904807,0.10641427888840274,0.46744164102710783,0.5772865825462264,0.3332597983879011,-1.0988329178412326
289706.795246108,0.7836689530522563,0.5157242109999061,-11.002138214455483,11.002138214455483,0.09089142314955838,0.5157242109999061,0.6357334759928859,0.40415705249799727,-0.9059517327553599
289876.610658343,0.2837017609854229,1.1279596089734696,6.460397515358086,6.460397515358086,0.15478923667200564,0.2837017609854229,0.56568907306594,0.3200041273862023,-1.139421385189662
290374.776948144,0.8036697010393254,0.5608630479546264,-8.184147095742368,8.184147095742368,0.12218744217344642,0.5608630479546264,0.6713781632386471,0.4507486380736994,-0.7968454383703867
290479.773902243,0.8634766130126081,0.6200648110243492,20.39968013266381,20.39968013266381,0.049020376471433376,0.6200648110243492,0.731718158085207,0.535411462871608,-0.6247197382042523
290833.729895448,0.9355364640359767,0.436157057993114,-17.79183601784891,17.79183601784891,0.056205553996607885,0.436157057993114,0.6387807384378558,0.4080408317992123,-0.8963880316461925
291476.682674327,0.44837597000878304,0.40611877298215404,-8.671678502944117,8.671678502944117,0.11531792831808635,0.40611877298215404,0.42672461702443426,0.18209389877465007,-1.703232797616847
291897.201478667,0.5883559809881262,0.5816022690269165,8.11929201896332,8.11929201896332,0.12316344795388713,0.5816022690269165,0.5849693782910791,0.34218917353825157,-1.0723915558437835
292003.620431658,0.827703814022243,0.5283093000180088,10.991169403728133,10.991169403728133,0.09098212967773989,0.5283093000180088,0.6612742416035328,0.43728362260832737,-0.8271732724232129
292543.751546649,0.6137395139667206,0.5345282450434752,13.615673019861244,13.615673019861244,0.07344477195811734,0.5345282450434752,0.5727661873002513,0.3280611053144666,-1.11455539125862
295111.449065465,0.8163050709990785,0.3504875759826973,18.084236445870612,18.084236445870612,0.055296777555036994,0.3504875759826973,0.5348876382913057,0.28610478559685065,-1.2513971520584504
295282.613166101,0.2549893279792741,1.1681251390255056,13.086739061986282,13.086739061986282,0.07641322985530834,0.2549893279792741,0.5457650082185646,0.2978594441958098,-1.211133567517529
295924.274082613,0.8051099859876558,0.6203305349918082,12.156335549283476,12.156335549283476,0.08226163188288615,0.6203305349918082,0.7067066635705155,0.49943430833496977,-0.6942792043872698
296626.003725306,0.4038260580273345,0.5459175310097635,12.993661921671386,12.993661921671386,0.0769605986386453,0.4038260580273345,0.4695271286685019,0.22045572455568793,-1.5120583999231996
297526.370521399,0.5436087260022759,0.4010754890041426,3.2440325231264038,3.2440325231264038,0.3082583151898428,0.4010754890041426,0.46693483015114834,0.21802813560828177,-1.5231311620975752
298874.216445122,0.7384265969740227,0.4774982800008729,16.08204794303982,16.08204794303982,0.062181135359243335,0.4774982800008729,0.5937991495126898,0.3525974299619936,-1.0424282978651418
300164.816147514,0.4786932719871402,0.5647306720493361,-5.191961592198647,5.191961592198647,0.192605430961312,0.4786932719871402,0.5199353548228792,0.2703327731947933,-1.3081015855661051
301702.428495184,0.49754882301203907,0.6491032000049017,9.93308405035559,9.93308405035559,0.10067366740586489,0.49754882301203907,0.5682961667790722,0.32296053317578705,-1.130225151535337
301826.841347938,0.2609028259757906,1.0208136350265704,11.017744145445947,11.017744145445947,0.09076268125298027,0.2609028259757906,0.5160747641311785,0.26633316217305153,-1.3230072645385533
301987.27902292,0.5313317149993964,0.6172735929721966,-6.554877511250137,6.554877511250137,0.15255815204535858,0.5313317149993964,0.5726927944175276,0.3279770367777566,-1.1148116828727084
303366.030155037,0.4431966569973156,0.34693368896842003,-3.7182116163896763,3.7182116163896763,0.26894649986893,0.34693368896842003,0.39212224006111945,0.15375985115055021,-1.8723633018241626
303451.71670813,1.3900375250377692,0.28111661097500473,-6.046192809315854,6.046192809315854,0.16539333619318589,0.28111661097500473,0.6251101008356056,0.390762638166701,-0.939654966846706
303701.747277065,0.9372912350227125,0.4106251829653047,-11.31360540711974,11.31360540711974,0.08838915306085293,0.4106251829653047,0.6203832564415144,0.38487538487297773,-0.9548356727432269
303990.081785868,0.9363172849989496,0.46112480404553935,7.60304995203961,7.60304995203961,0.1315261646718154,0.46112480404553935,0.6570838033079129,0.4317591245695921,-0.8398874282595195
304558.930464032,0.36363428097683936,0.9128560000099242,-11.771293661739064,11.771293661739064,0.08495242993133027,0.36363428097683936,0.5761473207427094,0.33194573519900245,-1.1027837716205362
304798.744488567,0.21854387602070346,0.4978694969904609,-4.513647278497672,4.513647278497672,0.22155032023965357,0.21854387602070346,0.3298580446567482,0.10880632962477328,-2.2181857695542093
305256.952894121,0.9066316050011665,0.4340596279944293,-8.563434248187466,8.563434248187466,0.11677557986874947,0.4340596279944293,0.6273214305240964,0.3935321771947987,-0.9325924426894131
305656.53667399,0.4870054060011171,0.7466791539918631,12.142627375486617,12.142627375486617,0.08235449948985402,0.4870054060011171,0.6030230381522566,0.3636367845423779,-1.0115997541876105
306502.562178556,0.2669672389747575,0.9654263650299981,5.693001202849356,5.693001202849356,0.17565427520013494,0.2669672389747575,0.5076782554980024,0.25773721110549497,-1.3558147747535123
306555.988038058,0.486568811989855,0.6670763349975459,-7.546844226042042,7.546844226042042,0.132505716303151,0.486568811989855,0.5697179476076758,0.32457853982630247,-1.125227738760314
307055.620897599,0.30076054495293647,0.6494499400141649,3.06516767823279,3.06516767823279,0.3262464259627538,0.30076054495293647,0.4419603125602028,0.19532891787831214,-1.6330703830472633
307539.24352051,1.4920613929862157,0.4947879690444097,29.842222698147868,29.842222698147868,0.03350956830913483,0.4947879690444097,0.8592171008105126,0.7382540263252225,-0.30346730449526316
310125.517800174,0.4837879440165125,0.3214737719972618,-3.276640502546708,3.276640502546708,0.30519063633095195,0.3214737719972618,0.39436675216071193,0.1555251352097884,-1.8609479192048788
310771.52617206,0.8762309339945205,0.34964038903126493,6.3323697653036115,6.3323697653036115,0.1579187629691511,0.34964038903126493,0.5535031387833973,0.30636572464307277,-1.1829757121149576
311552.864496381,0.4656215680297464,0.7291187469963916,-14.508404484930663,14.508404484930663,0.0689255666285471,0.4656215680297464,0.5826606338653263,0.3394934142563438,-1.0803007305328218
311575.835044381,0.7422035419731401,0.33331778104184195,8.002866121618457,8.002866121618457,0.12495523288820998,0.33331778104184195,0.4973827878926679,0.24738963769188266,-1.3967907047356944
311577.939076683,0.4065282639930956,0.4131203339784406,3.862005506630702,3.862005506630702,0.25893282603639317,0.4065282639930956,0.40981104449795314,0.16794509219250334,-1.784118185187638
312419.614028912,0.48393008596030995,0.16476825100835413,1.5789128669326349,1.5789128669326349,0.6333471725660879,0.16476825100835413,0.282376192116125,0.07973631387400273,-2.5290301649095253
313839.539167983,0.23892290599178523,0.8767385029932484,-10.14621483315897,10.14621483315897,0.09855892236106491,0.23892290599178523,0.4576821068493222,0.2094729109300344,-1.5631608514169448
314097.511040266,0.6145664670038968,0.580923494999297,-9.452242444257948,9.452242444257948,0.10579500112245645,0.580923494999297,0.5975082425550914,0.35701609992127387,-1.02997440040068
314137.273984463,0.3584686180111021,0.865686776000075,12.580903779664036,12.580903779664036,0.07948554551513344,0.3584686180111021,0.5570651148862522,0.3103215422232334,-1.1701462860792176
314160.747926494,0.3900432990049012,0.6673511590342969,7.661958946867215,7.661958946867215,0.13051492535193956,0.3900432990049012,0.5101919713837936,0.2602958476644816,-1.3459364192237917
314453.995999872,0.5107580599724315,0.6210765090072528,-15.402437462249138,15.402437462249138,0.06492478884923031,0.5107580599724315,0.5632227204534586,0.3172198328349948,-1.1481602664755437
315248.069729475,0.19964854401769117,1.062715295003727,-5.570654903314248,5.570654903314248,0.1795121071680553,0.19964854401769117,0.4606186723883708,0.21216956135282525,-1.550369506291849
315267.865897804,0.6826590329874307,0.7942387760267593,-9.157815163238617,9.157815163238617,0.10919635111376881,0.6826590329874307,0.7363384240982865,0.5421942748035481,-0.6121309011700228
316653.405480302,0.5154542420059443,0.24496297299629077,3.063766205436999,3.063766205436999,0.32639566237965123,0.24496297299629077,0.3553409680367937,0.12626720356532564,-2.0693549542460516
316758.581306469,0.7336507799918763,0.79162064101547,-22.435944426553768,22.435944426553768,0.044571335219410826,0.7336507799918763,0.7620847070625868,0.5807731007386687,-0.543395130699269
317259.826021692,0.7420991370454431,0.6962670279899612,-11.43830339142362,11.43830339142362,0.08742555305446739,0.6962670279899612,0.7188178911411051,0.5166991606245456,-0.6602944681831654
317943.958572987,0.638499838009011,0.2532543489942327,5.176760804159176,5.176760804159176,0.19317098815857356,0.2532543489942327,0.4021229424043039,0.16170286080789512,-1.8219948204844894
318113.689164617,0.7327951570041478,1.0337954190326855,-17.860382637719304,17.860382637719304,0.055989841891074726,0.7327951570041478,0.8703793864747863,0.7575602764002255,-0.27765217195878245
318118.4440451,0.6980714839883149,0.6108272330020554,-23.455345590878984,23.455345590878984,0.042634204476989984,0.6108272330020554,0.652993930295084,0.426401073002221,-0.8523748897119494
318157.264016183,0.3002207709942013,0.1699855269980617,1.3506750704169719,1.3506750704169719,0.7403705168640495,0.1699855269980617,0.2259052588436438,0.0510331859732137,-2.975279152517616
318906.125071795,0.7924904589890502,0.31128971197176725,-10.875056822007007,10.875056822007007,0.09195354253012984,0.31128971197176725,0.4966831250597055,0.24669412671907506,-1.399606063111357
319601.721564498,0.4676462629577145,0.8715999140404165,-13.958297437905653,13.958297437905653,0.0716419752801917,0.4676462629577145,0.6384359346052397,0.40760044259526595,-0.8974678917772727
320061.687796072,0.9922279159654863,0.5150633290177211,5.5908558932185,5.5908558932185,0.17886349051009573,0.5150633290177211,0.7148847554267044,0.511060213541499,-0.6712678610012217
320357.872820259,0.3885878419969231,0.6242313520051539,-6.834088206875267,6.834088206875267,0.14632529896145832,0.3885878419969231,0.49251265362679203,0.24256871398250443,-1.4164702521136225
321304.439704065,0.8200461749802344,0.34874544403282925,7.554258606848971,7.554258606848971,0.13237566411790072,0.34874544403282925,0.5347778673626135,0.285987367420905,-1.2518076389947768
321561.191385844,0.5635479600168765,1.3717888429528102,29.37626699923608,29.37626699923608,0.034041084935196315,0.5635479600168765,0.8792433133211577,0.7730688040199675,-0.2573872252743297
322174.575770827,0.7734897680347785,0.7519018760067411,16.345978910693123,16.345978910693123,0.061177125301796725,0.7519018760067411,0.7626194382897469,0.581588407657369,-0.5419922847747958
322928.840559464,0.6306729480274953,0.38858492102008313,10.943343754033616,10.943343754033616,0.09137974850067276,0.38858492102008313,0.4950454501343965,0.24506999769876725,-1.4062114043503533
325190.171633955,0.3223831569775939,0.3181146249989979,-2.3484701362943596,2.3484701362943596,0.4258091191135585,0.3181146249989979,0.3202417791105969,0.10255479708792035,-2.277358017518602
325231.028727156,0.44105608196696267,0.5560767209972255,6.845974962340341,6.845974962340341,0.14607123243964415,0.44105608196696267,0.4952383464919413,0.24526101983607212,-1.4054322484734558
325532.343419339,1.1573017179616727,0.7229438940412365,39.22828501896776,39.22828501896776,0.02549181029750542,0.7229438940412365,0.9146935063527151,0.8366642105638245,-0.17833247110981232
327578.273801453,0.7556453800061718,0.3954360939678736,10.080782941275212,10.080782941275212,0.09919864417530061,0.3954360939678736,0.546634665470925,0.2988094574945101,-1.2079491746363233
328291.537654238,0.7952111120102927,0.3783731380244717,-5.581144128070373,5.581144128070373,0.17917473139073734,0.3783731380244717,0.5485312423584131,0.3008865238432641,-1.2010220825130289
328861.159082236,0.5289529350120574,0.509036282019224,8.30268203226654,8.30268203226654,0.12044300818864564,0.509036282019224,0.518899060898836,0.2692562354016939,-1.3120918048045285
329289.090080315,0.821890513994731,0.690589000005275,12.936150198918025,12.936150198918025,0.07730275117582043,0.690589000005275,0.753384727860502,0.5675885481734427,-0.5663585097746218
329403.360858757,0.3241214830195531,0.6440607000258751,14.26112769592362,14.26112769592362,0.07012068199107695,0.3241214830195531,0.4568959501319728,0.2087539092469982,-1.5665991884947912
329784.554836415,0.6470997129799798,0.5870159780024551,-13.832178840374212,13.832178840374212,0.07229519018949775,0.5870159780024551,0.6163261075762172,0.37985787088005085,-0.9679581202259943
330808.687854074,0.6366532070096582,0.6078758939984255,-18.77190524072405,18.77190524072405,0.05327109780154788,0.6078758939984255,0.6220981734243886,0.38700613737796064,-0.9493147272203262
332314.913166136,0.8429296250105835,0.39096456399420276,-8.879182285175267,8.879182285175267,0.11262298350036193,0.39096456399420276,0.5740693453930976,0.3295556133200596,-1.1100101583404753
332794.099541345,0.5910406679613516,0.49512235703878105,-18.1623002311441,18.1623002311441,0.05505910524952306,0.49512235703878105,0.5409597476955194,0.29263744862679997,-1.2288208128480633
332998.932698433,0.593375444994308,0.37245756603078917,5.57149307208341,5.57149307208341,0.17948510158086925,0.37245756603078917,0.47011400105189,0.2210071739850164,-1.5095601165205839
333241.536547294,1.3603260520030744,0.21141609398182482,-3.6688024327828535,3.6688024327828535,0.2725685065689083,0.21141609398182482,0.5362786779802146,0.2875948204562067,-1.2462026628377296
333301.39377541,1.1584818999981508,0.4018927139695734,-16.716011373470433,16.716011373470433,0.059822883441385734,0.4018927139695734,0.6823382115013673,0.46558543487488474,-0.7644596655394293
333814.364758491,0.2569150199997239,0.5694577320246026,3.0746590002425935,3.0746590002425935,0.32523931919640486,0.2569150199997239,0.3824947641629859,0.14630224461209818,-1.9220806285440326
334364.758551327,0.3630844400031492,0.684013482008595,-4.184930389636428,4.184930389636428,0.23895260061586748,0.3630844400031492,0.49835193595459715,0.2483546520696949,-1.392897505694836
335331.120600926,0.2746871769777499,0.9481382929952815,-10.737511427065135,10.737511427065135,0.0931314491996148,0.2746871769777499,0.5103346265808117,0.2604414310873766,-1.345377275745388
335335.053144192,1.0190604059607722,0.46374644699972123,-8.909780498839657,8.909780498839657,0.11223621054752499,0.46374644699972123,0.6874486472038487,0.47258564254240165,-0.7495362944148788
335796.641242856,0.5934174899593927,0.33168095600558445,-5.391327276949013,5.391327276949013,0.18548308211144374,0.33168095600558445,0.4436499525303318,0.19682528038016567,-1.6254388453976167
335876.521260934,0.16933659597998485,0.9511849940172397,7.123450366262088,7.123450366262088,0.14038140909020375,0.16933659597998485,0.4013358058211622,0.1610704290341216,-1.8259135622329967
336760.835006553,0.4545078259543516,0.4996984580066055,4.732824863529082,4.732824863529082,0.21129030311388688,0.4545078259543516,0.4765677913805381,0.22711685978132412,-1.4822905931664212
338084.747311223,0.5667543599847704,0.5584208180080168,-11.58740301158678,11.58740301158678,0.08630061446901034,0.5584208180080168,0.5625721583159848,0.3164874333123055,-1.1504717433605676
338308.518076747,0.5884143530274741,0.8079132380080409,-11.008970784147971,11.008970784147971,0.09083501260989077,0.5884143530274741,0.6894836801874524,0.4753877452448331,-0.7436245021652563
339380.949575458,0.4902372810174711,0.5835357980104163,-4.392959671866023,4.392959671866023,0.2276369633903842,0.4902372810174711,0.5348560581997616,0.2860710029929867,-1.251515236761008
339647.745465301,0.3914097959641367,0.533266689046286,-7.876103954032999,7.876103954032999,0.12696632825522128,0.3914097959641367,0.4568651945093624,0.20872580595407755,-1.5667338215892377
340163.743002296,0.8062707370263524,0.7235766199883074,20.878649100750806,20.878649100750806,0.04789581908170675,0.7235766199883074,0.7638053774967871,0.5833986546930096,-0.5388845275281897
340488.862713603,1.0151912299916148,0.4819168070098385,21.817733032894935,21.817733032894935,0.04583427611348459,0.4819168070098385,0.6994552995452602,0.48923771606194966,-0.714906780712622
341621.416367489,0.857399235945195,0.3476910560275428,-8.870329887174307,8.870329887174307,0.11273537880997068,0.3476910560275428,0.5459945473930973,0.29811004578299316,-1.2102925794932515
341667.069862749,0.4759419379988685,1.1686432579881512,-20.4249475334238,20.4249475334238,0.04895973408810865,0.4759419379988685,0.7457924222169279,0.5562063370361924,-0.5866159437984317
342547.433740699,0.6053988570347428,0.32365185098024085,8.256983156500102,8.256983156500102,0.12110960880582337,0.32365185098024085,0.44264936536791366,0.19593846066061674,-1.6299546452738167
342818.308532546,0.6606722729629837,0.8011765630217269,-24.62615510693628,24.62615510693628,0.040607232256014536,0.6606722729629837,0.7275404737444064,0.5293151409362354,-0.6361712949421477
342940.018603083,0.6951755469781347,0.7244237280101515,15.056551440811786,15.056551440811786,0.06641627094564519,0.6951755469781347,0.7096489705223256,0.5036016613633966,-0.6859696778432076
343720.331190103,0.24026630102889612,0.8802654109895229,-3.649145337707296,3.649145337707296,0.2740367695599335,0.24026630102889612,0.45988924125503705,0.2114981142221337,-1.55353919674296
344788.766681055,0.44214597501559183,0.6020271530142054,6.566333073483967,6.566333073483967,0.15229200054413625,0.44214597501559183,0.5159301140225551,0.2661838825553267,-1.3235679212278102
345092.88394782,0.9969346839934587,0.10694173298543319,2.5273392854056183,2.5273392854056183,0.3956730328114643,0.10694173298543319,0.32651787513020736,0.10661392277954568,-2.2385411680907885
345153.684933969,0.6907665699836798,0.5343713170150295,11.140379075925894,11.140379075925894,0.08976355231582535,0.5343713170150295,0.6075572744623617,0.36912584175213353,-0.9966176585220496
345197.607760393,0.8321473309770226,0.4037361550144851,5.500744951520064,5.500744951520064,0.1817935586567529,0.4037361550144851,0.5796274353532873,0.3359679638142293,-1.090739469355616
345519.467302118,0.5562070400337689,1.4057618489605375,36.095159438416836,36.095159438416836,0.027704545860398083,0.5562070400337689,0.8842480630472077,0.7818946370027386,-0.2460352828050562
346468.56489286,0.440737885015551,1.1619516939972527,-12.992628528375658,12.992628528375658,0.07696671984548921,0.440737885015551,0.7156228979725187,0.5121161321025859,-0.6692038591496496
348357.243954858,0.8573713870136999,0.8741691029863432,-38.32761421042708,38.32761421042708,0.026090849133206643,0.8573713870136999,0.8657295052797512,0.7494875763119229,-0.2883655375449491
348954.124300786,0.21224413701565936,0.16305618698243052,-1.1640556745187758,1.1640556745187758,0.8590654398153277,0.16305618698243052,0.18603150187844517,0.03460771969114995,-3.3636785093433605
348971.941340063,0.46187359298346564,0.6322173249791376,10.039969726244225,10.039969726244225,0.09960189395651518,0.46187359298346564,0.5403743956133651,0.29200448743450963,-1.2309861089055378
349282.235366324,1.1038975110277534,0.37981007795315236,-21.602615317127118,21.602615317127118,0.04629069144267796,0.37981007795315236,0.6475116985165147,0.41927139971574184,-0.8692368367293634
350209.004861819,0.6665702069876716,0.8184782440075651,-18.245808402402066,18.245808402402066,0.05480710845721419,0.6665702069876716,0.7386292794921067,0.5455732125230286,-0.6059182709400348
350378.025163938,0.6684619230218232,0.8064854579861276,-14.738203419729476,14.738203419729476,0.06785087513864395,0.6684619230218232,0.7342375774465256,0.5391048201345426,-0.6178452554876115
350962.675720011,0.5271710369852372,0.4699849429889582,5.064800253403221,5.064800253403221,0.19744115265514453,0.4699849429889582,0.49775742060057393,0.24776244976293665,-1.3952848557210258
351242.160627992,0.6621965999947861,0.502715373004321,7.327908516962322,7.327908516962322,0.13646458572527806,0.502715373004321,0.576971759073676,0.332896410768572,-1.0999239161697885
351521.384780628,0.22920644702389836,0.674286448978819,7.0413195188421565,7.0413195188421565,0.14201883572021676,0.22920644702389836,0.39312949679055653,0.1545508012467962,-1.8672324260318394
351712.315590071,0.6352727980120108,0.44361821695929393,13.602189926490679,13.602189926490679,0.07351757367043299,0.44361821695929393,0.5308658831916305,0.2818185859368299,-1.2664917273389018
351845.686196615,1.1269048969843425,0.3872831810149364,18.603529080285618,18.603529080285618,0.053753241962016335,0.3872831810149364,0.6606294825432827,0.4364313132054054,-0.829124274147777
352151.050566309,0.38375697302399203,0.5624587719794363,2.7320385377353027,2.7320385377353027,0.3660270476378201,0.38375697302399203,0.46459388263904233,0.21584747578562022,-1.5331832513477544
352234.388956553,0.47129854501690716,0.5833549979724921,-10.55301326878288,10.55301326878288,0.09475966480191243,0.47129854501690716,0.524341836756115,0.27493436177277636,-1.291222894267867
352284.584279647,0.71370035095606,0.5426581170177087,12.390396291063091,12.390396291063091,0.0807076687870974,0.5426581170177087,0.6223305299956715,0.38729528856469336,-0.9485678573567667
352573.269238748,0.6460211289813742,0.5654499169904739,12.869700628668102,12.869700628668102,0.07770188513728396,0.5654499169904739,0.6043944024861665,0.3652925937566103,-1.0070566198003073
352718.894973681,0.4381322000408545,0.6403303889674135,10.419316053640202,10.419316053640202,0.09597558945825714,0.4381322000408545,0.5296691062081202,0.280549362071309,-1.2710055906380033
354180.72665305,0.6785528949694708,0.3196176950004883,3.385821460678695,3.385821460678695,0.2953493004913342,0.3196176950004883,0.46570109751432914,0.2168775122260507,-1.528422544596862
354605.710139325,0.2700670179910958,0.9981389580061659,-4.415455232282164,4.415455232282164,0.22647721410214408,0.2700670179910958,0.519195928267417,0.2695644119294648,-1.3109479118861662
357096.143845452,1.2813063529902138,0.6208615319919772,39.4597223800852,39.4597223800852,0.025342296896257097,0.6208615319919772,0.891915817366503,0.7955138252685573,-0.22876705201080505
359324.758389594,0.7607597329770215,0.47998415504116565,-20.45600547408398,20.45600547408398,0.048885399511009855,0.47998415504116565,0.6042785927221968,0.3651526176223185,-1.007439882319726
359386.315312046,0.7240225339774042,0.3838016170193441,4.544131498042202,4.544131498042202,0.22006405413902325,0.3838016170193441,0.5271442111025888,0.27788101929897074,-1.28056224503776
359834.402743595,1.0184794510132633,0.5031524819787592,-19.856063720644254,19.856063720644254,0.05036244917769401,0.5031524819787592,0.7158564546203992,0.5124504636216876,-0.6685512289890264
359982.286864002,0.7379631379735656,0.21190325100906193,-2.650918812058458,2.650918812058458,0.3772276976010037,0.21190325100906193,0.39544505062201435,0.15637678806144747,-1.8554868758147274
360381.33410375,0.6311841129790992,0.33723000600002706,-2.8824185939755567,2.8824185939755567,0.3469308732916397,0.33723000600002706,0.4613612708139505,0.21285422220706338,-1.5471477503669517
360638.882517367,0.8314538610284217,0.1624163129599765,3.6756389635164175,3.6756389635164175,0.27206154084385864,0.1624163129599765,0.3674801634164393,0.13504167050457294,-2.002171877768372
361702.368153282,0.6746043749735691,0.49601335905026644,-9.682912162894773,9.682912162894773,0.10327471562037212,0.49601335905026644,0.5784572430704326,0.3346127820606455,-1.094781290140986
362219.257692206,0.5944175309850834,0.6929971139761619,-13.24768901239184,13.24768901239184,0.07548486374224242,0.5944175309850834,0.6418174455945387,0.4119296334694986,-0.8869027367690796
363939.817588474,1.0764028539997526,0.13282777898712084,-6.78819123417522,6.78819123417522,0.14731464767307814,0.13282777898712084,0.3781219385227274,0.14297620039218523,-1.9450770933972557
364811.187660545,0.3950024190125987,0.25420273799682036,5.080189116777571,5.080189116777571,0.19684306568380527,0.25420273799682036,0.3168764687198623,0.10041069642836987,-2.2984865392681177
365515.818522505,0.4218667329987511,0.5823324940283783,-12.719797549230925,12.719797549230925,0.07861760347439357,0.4218667329987511,0.4956477648237372,0.24566670677476668,-1.403779512198644
365556.04161819,0.18045794201316312,0.8725462589645758,-3.37749959265362,3.37749959265362,0.29607701572343464,0.18045794201316312,0.3968096548775393,0.15745790220403183,-1.8485971440375932
365829.867246916,0.6856998759903945,0.7823052260209806,-10.773376809774227,10.773376809774227,0.09282140759179076,0.6856998759903945,0.7324114939494218,0.536426596469224,-0.6228255455278654
365882.112357494,0.7695522560388781,0.45523781300289556,7.550925398395962,7.550925398395962,0.13243409876787146,0.45523781300289556,0.5918862103737367,0.3503292860305832,-1.0488817495595821
365989.734230413,0.3541157729923725,0.7141092490055598,10.986589025494894,10.986589025494894,0.09102006070122885,0.3541157729923725,0.50286911688093,0.2528773487126064,-1.3748506954993722
366620.946081957,0.57752569305012,0.5135262359981425,-11.052437112893685,11.052437112893685,0.09047778239184985,0.5135262359981425,0.5445866279521071,0.29657459534424674,-1.2154565058656512
367126.500614665,0.7072868240065873,0.7033602240262553,10.117589161623764,10.117589161623764,0.09883777489137648,0.7033602240262553,0.7053207915438845,0.4974774189840918,-0.6982051123903001
367307.517526645,0.7727554499870166,0.48101509403204545,5.883462446350696,5.883462446350696,0.1699679413472359,0.48101509403204545,0.6096778128153266,0.3717070354392804,-0.9896492741225713
368886.78442712,0.26591291098156944,0.5436549609876238,3.1585633482589492,3.1585633482589492,0.3165996339922123,0.26591291098156944,0.38021687659254505,0.14456487324579062,-1.9340269223795992
369077.116994726,0.6758280500071123,0.4293027379899286,13.600883985165598,13.600883985165598,0.07352463274377562,0.4293027379899286,0.5386416547932843,0.29013483227844766,-1.2374095251610147
369955.81573093,0.5673197320429608,0.43815521500073373,6.471615980254224,6.471615980254224,0.1545209114773088,0.43815521500073373,0.4985720601552419,0.24857409916744214,-1.3920142921095235
370206.633599728,0.40312711999285966,0.3504598420113325,2.090289858474486,2.090289858474486,0.4784025507016571,0.3504598420113325,0.37587214153642867,0.14127986678318108,-1.9570124850545854
371150.194169279,0.5194019610062242,0.7218274769838899,5.470913505727855,5.470913505727855,0.18278483089762523,0.5194019610062242,0.6123059750268713,0.3749186070536076,-0.9810463244270677
371469.746101652,0.4734268669853918,0.8096866449923255,-9.02115555616521,9.02115555616521,0.11085054389917742,0.4734268669853918,0.6191344051000799,0.3833274115786298,-0.9588657944680217
372080.371965508,0.9670940240030177,0.39261142001487315,18.147430867877507,18.147430867877507,0.05510421873379801,0.39261142001487315,0.6161916569150564,0.3796921580517226,-0.9683944649686587
372164.44494411,0.3984050169819966,0.7216208649915643,7.782652471991096,7.782652471991096,0.12849089736421987,0.3984050169819966,0.5361878150159021,0.2874973729715273,-1.246541556276819
373078.875751744,0.7673899680376053,0.6611674639862031,-13.420002521935542,13.420002521935542,0.07451563428288922,0.6611674639862031,0.7123013962192387,0.5073732790558769,-0.6785082956871633
373277.41242882,0.6301953609799966,0.5395584970247,11.501058240897445,11.501058240897445,0.08694852065386711,0.5395584970247,0.5831185658185695,0.3400272618023053,-1.0787294828148304
373697.508579467,0.28214804304298013,0.6667640819796361,3.7798755176587453,3.7798755176587453,0.2645589769631884,0.28214804304298013,0.43373515064138335,0.1881261809019035,-1.670642366279278
374256.218911106,0.550524813006632,0.43781477701850235,-8.180653450157205,8.180653450157205,0.12223962377733814,0.43781477701850235,0.4909459219197684,0.24102789824965132,-1.4228425918191998
375275.88235519,0.3771186679950915,0.6939929249929264,7.456934229157012,7.456934229157012,0.13410336865919328,0.3771186679950915,0.5115835097726957,0.2617176874713499,-1.3404888849077992
375457.118317785,0.31984085898147896,0.6273654770338908,-2.8795101304837374,2.8795101304837374,0.3472812925412445,0.31984085898147896,0.44794766778033895,0.20065711306984493,-1.6061577327612708
375462.397578933,0.30329185898881406,0.6835960070020519,6.108081960400477,6.108081960400477,0.1637175150044049,0.30329185898881406,0.45533405732602816,0.20732910376098268,-1.5734478749857903
375554.497225025,0.6085273970384151,0.43972281797323376,-4.302801391925318,4.302801391925318,0.23240672968931603,0.43972281797323376,0.5172846236257644,0.26758338183964875,-1.3183240534050917
376376.672298769,1.1167889849748462,0.5135851500090212,22.224273409435334,22.224273409435334,0.044995846729254566,0.5135851500090212,0.7573415599164811,0.5735662383767289,-0.555881850604852
377021.448647419,0.9402876920066774,0.6036715219961479,-27.48566435336462,27.48566435336462,0.03638260247755614,0.6036715219961479,0.7534088545722808,0.5676249021479162,-0.5662944619526451
377514.168573919,0.2804448929964565,0.17288802802795544,1.393015370455099,1.393015370455099,0.7178671687400688,0.17288802802795544,0.22019437894884678,0.04848556452066833,-3.02648916409101
377532.244146892,0.618609405006282,0.7781847169972025,9.04945053767082,9.04945053767082,0.11050394671336405,0.618609405006282,0.6938244625023114,0.4813923847666214,-0.7310725726892762
377539.847173198,0.7732780710211955,0.19827647297643125,-3.2321671216449235,3.2321671216449235,0.3093899425259537,0.19827647297643125,0.39156461606240794,0.15332284855210096,-1.8752094595130941
378575.330199942,0.4835898280143738,0.48700039903633296,-6.672485288528079,6.672485288528079,0.14986919517369152,0.4835898280143738,0.4852921174024071,0.23550843921291165,-1.4460085308687456
378639.927435115,0.9529916769824922,0.6297783760237508,15.556034377860685,15.556034377860685,0.06428373554015783,0.6297783760237508,0.7747086876330901,0.6001735506941848,-0.5105364144340668
379638.57941972,0.49400270998012275,0.4946914920001291,8.735887582714566,8.735887582714566,0.11447033750510588,0.49400270998012275,0.4943469810286839,0.24437893765217397,-1.409035235217646
380651.957208249,0.32093714200891554,0.8081780649954453,8.16094906391965,8.16094906391965,0.12253476797460938,0.32093714200891554,0.5092880898017681,0.2593743584139338,-1.349482861585067
381380.406380941,0.8719776410143822,0.7147245830274187,30.272867511436157,30.272867511436157,0.033032880007889266,0.7147245830274187,0.789445283653805,0.6232238558832366,-0.47284950549965077
381820.724209641,0.337678687996231,0.3565382180386223,3.2613989082493235,3.2613989082493235,0.30661689297516415,0.337678687996231,0.34698034193279037,0.12039535768779612,-2.116974304261104
382831.958622533,0.24239550600759685,0.5787243529921398,-6.655628654129379,6.655628654129379,0.15024876716635413,0.24239550600759685,0.3745399609954175,0.14028018238244883,-1.964113553579491
384392.569282796,0.49473033397225663,0.5200003240024671,9.665921516399852,9.665921516399852,0.1034562507365007,0.49473033397225663,0.5072079789981839,0.2572599339594222,-1.3576682890391254
385552.790068654,0.9280254619661719,0.37130882998462766,-5.820703016392583,5.820703016392583,0.17180055350423223,0.37130882998462766,0.5870128179849251,0.34458404847860286,-1.0654172459231488
385889.047623633,0.845683105988428,0.3040319809806533,-2.7044068990036907,2.7044068990036907,0.36976684254444186,0.3040319809806533,0.5070647986160483,0.25711470999553354,-1.3582329512729814
386036.76265522,0.3701354080112651,0.5970245429780334,-5.352028276061908,5.352028276061908,0.18684505171108942,0.3701354080112651,0.4700850165745697,0.22097992280791348,-1.5096834286142409
386925.052889191,0.6727115029934794,0.5660657049738802,10.321752748425459,10.321752748425459,0.09688277024002014,0.5660657049738802,0.617089062604453,0.3807989111860424,-0.9654838353493653
387782.011825731,0.3325603069970384,0.7133650179603137,4.507733279927556,4.507733279927556,0.2218409870106758,0.3325603069970384,0.4870696966285521,0.23723688937382975,-1.43869610382481
388294.570223365,0.3233439319883473,0.5796967369969934,7.181364414664866,7.181364414664866,0.1392493044856389,0.3233439319883473,0.4329450569084058,0.18744142230142272,-1.6742888967756266
388628.854735836,0.4547597919590771,0.5284795900224708,-5.641488402210835,5.641488402210835,0.177258185908547,0.4547597919590771,0.49023593137716576,0.24033126841323718,-1.425737022302747
389881.756417612,0.8715434269979596,0.47060601599514484,-15.169745736138362,15.169745736138362,0.06592068300905891,0.47060601599514484,0.6404323383045746,0.4101535799462651,-0.8912236041885246
390406.985322545,0.320079936995171,0.24474150699097663,2.616194603693803,2.616194603693803,0.38223456259259186,0.24474150699097663,0.2798872025259015,0.078336846137775,-2.5467372101995425
391356.573014956,0.38518057903274894,0.5470218029804528,4.431920679913169,4.431920679913169,0.22563580718678208,0.38518057903274894,0.45902306566832685,0.21070217481554912,-1.5573096363669388
391610.469716075,0.9550172949675471,0.7956127630313858,20.521356349507126,20.521356349507126,0.048729722488543875,0.7956127630313858,0.8716788105672238,0.7598239487918901,-0.27466851886237503
392896.302193406,0.5061558339511976,0.7260022230329923,5.477522030712886,5.477522030712886,0.18256430451450917,0.5061558339511976,0.6061932535501262,0.3674702606496876,-1.0011128870059316
393704.445317227,0.7445265759597532,0.3612777370144613,8.105325118226533,8.105325118226533,0.12337568023660014,0.3612777370144613,0.5186336631090052,0.2689808765098651,-1.3131149929487795
393977.35942876,0.47269700799370185,0.5714887549984269,7.307220052706753,7.307220052706753,0.13685094916904525,0.47269700799370185,0.5197509255304911,0.2701410245898021,-1.3088111430463094
394349.078960863,0.4274179720086977,0.7684535669977777,6.838683640109481,6.838683640109481,0.14622697183050143,0.4274179720086977,0.5731063297408606,0.32845086518904004,-1.1133680254895966
394389.738626426,0.6617012770147994,0.807445251964964,-23.083590390934503,23.083590390934503,0.04332081721536372,0.6617012770147994,0.7309497618473879,0.5342875543447532,-0.6268210936740353
394602.900634272,0.20137677801540121,0.5852127039688639,4.4376159297379525,4.4376159297379525,0.22534622550335298,0.20137677801540121,0.34329032724347275,0.11784824877893062,-2.1383575094564318
394640.507706747,0.6897103629889898,0.45079360401723534,13.147277742562787,13.147277742562787,0.07606137328053975,0.45079360401723534,0.5575993366744999,0.3109170202598423,-1.1682292182893455
395176.78432038,0.5042449749889784,0.7240577889606357,-14.798124006702501,14.798124006702501,0.06757613326845152,0.5042449749889784,0.604237123722989,0.3651025016850307,-1.0075771382897052
395402.031819245,0.9650297799962573,0.25307539699133486,-12.425375190064214,12.425375190064214,0.08048046716526007,0.25307539699133486,0.4941915566670614,0.24422529468101334,-1.4096641408474277
395988.988025065,0.8911749619874172,0.4636822530301288,-4.810985778663969,4.810985778663969,0.20785760881581822,0.4636822530301288,0.6428234704943224,0.41322201421836496,-0.8837702657638663
396165.149668631,0.5580947610433213,0.5899650469655171,-16.671086271852626,16.671086271852626,0.05998409363932059,0.5580947610433213,0.573808680581021,0.3292564019101321,-1.1109184946293804
396321.576545025,0.9885918920044787,0.3928590799914673,7.265745405377244,7.265745405377244,0.13763212777314196,0.3928590799914673,0.6231992467741786,0.3883773011799035,-0.9457779861370657
396402.666854473,0.5137295339955017,0.5891165990033187,-8.601663618299389,8.601663618299389,0.1162565806308184,0.5137295339955017,0.5501332528351561,0.30264659587498977,-1.1951895044361298
396695.452880289,0.6571082249865867,0.5213465979904868,10.074744108040298,10.074744108040298,0.0992581041539244,0.5213465979904868,0.5853043119679919,0.34258113760832437,-1.071246751209293
397429.173938087,0.21357626700773835,0.6977128699654713,-2.267532567188201,2.267532567188201,0.4410079989457553,0.21357626700773835,0.3860244943141315,0.14901491021048094,-1.9037089095164812
398174.383691741,0.770341784984339,0.42630824603838846,6.118128093181604,6.118128093181604,0.1634486863906066,0.42630824603838846,0.5730646169558499,0.32840305520675495,-1.1135135981378979
398386.719577797,0.4504552009748295,0.8764691110118292,15.595333230214676,15.595333230214676,0.06412174624538206,0.4504552009748295,0.6283391357770608,0.39481006954906367,-0.9293504663046451
399001.157526791,0.6729357189615257,0.667072726006154,-28.374689262885333,28.374689262885333,0.03524267669454341,0.667072726006154,0.6699978093058037,0.44889706447457606,-0.8009616725906021
399341.91516795,0.5861125999945216,0.43477151001570746,-4.5154069677296516,4.5154069677296516,0.22146398035586157,0.43477151001570746,0.5048020009259576,0.2548250601388505,-1.3671780079270979
399757.286594239,0.4191979570314288,0.5035238889977336,4.858352466834459,4.858352466834459,0.20583109332361116,0.4191979570314288,0.45943028370403477,0.21107618558436986,-1.5555361415556024
399982.187333543,0.5588594430009834,0.711977232946083,13.094003237098114,13.094003237098114,0.07637083800061893,0.5588594430009834,0.6307893466392955,0.39789519983362936,-0.9215666253726391
400035.031927742,1.063592845981475,0.9079493709723465,-55.59056344764466,55.59056344764466,0.017988664585884304,0.9079493709723465,0.9826944873558455,0.965688455479568,-0.034914006642626554
400612.539189731,0.8286959109827876,0.7109486240078695,18.888460080740817,18.888460080740817,0.052942378347699555,0.7109486240078695,0.7675677283693999,0.5891602176341608,-0.5290571159634824
400658.34104123,0.12212270003510639,0.6310070449835621,-3.1409171916972167,3.1409171916972167,0.3183783395001391,0.12212270003510639,0.27759734162013594,0.07706028407456644,-2.563167253383362
401183.294303617,0.5707074719830416,0.6856425790465437,-10.211780622164833,10.211780622164833,0.09792611465129637,0.5707074719830416,0.6255408403706234,0.39130134297158575,-0.9382773176950288
401227.483504797,0.9649037349736318,0.19022614503046498,1.44873500897212,1.44873500897212,0.6902573581827789,0.19022614503046498,0.4284272608384432,0.18354991782953142,-1.6952686167128812
401553.565786234,0.5449784789816476,0.5626279360149056,-5.617283475718683,5.617283475718683,0.1780219930723825,0.5449784789816476,0.5537328930106888,0.30662011680198703,-1.1821457021658888
401584.262744587,0.7395289599662647,0.26501098804874346,-12.552855636262983,12.552855636262983,0.07966314828883848,0.26501098804874346,0.44270001171371054,0.19598330037131945,-1.629725825568678
401672.921524455,0.42139632400358096,0.20063059800304472,-1.7937134701624007,1.7937134701624007,0.5575026427768651,0.20063059800304472,0.2907662230746949,0.08454499648112324,-2.4704713836130923
402771.230309301,0.43605375598417595,0.6877203630283475,9.655647712073472,9.655647712073472,0.10356633027835044,0.43605375598417595,0.547615784437695,0.29988304736531196,-1.2043627224497553
402851.92597513,0.5060394480242394,0.7512285559787415,7.065628084822763,7.065628084822763,0.14153023453754068,0.5060394480242394,0.6165640954576651,0.3801512838075288,-0.9671859902055975
403096.452027501,0.8414170460309833,0.17184908199124038,3.674397779008812,3.674397779008812,0.2721534412286073,0.17184908199124038,0.38025878942136987,0.14459674693220573,-1.9338064665215597
403584.692742699,0.2705997590092011,0.6067530289874412,-3.293745850579985,3.293745850579985,0.3036056955711726,0.2705997590092011,0.40520022633520875,0.1641872234221044,-1.8067478960624754
403895.691623934,0.6279418939957395,0.9601095609832555,-36.034385735541456,36.034385735541456,0.027751270892726207,0.6279418939957395,0.7764618575095904,0.6028930161672434,-0.5060155172870862
404666.076804284,0.6858200299902819,0.1266174410120584,3.010588072736523,3.010588072736523,0.3321610183259093,0.1266174410120584,0.29468080560528986,0.08683677719218265,-2.4437250466807203
405483.518531083,0.25752028299029917,0.4334465519641526,-5.5910506909851465,5.5910506909851465,0.1788572587281979,0.25752028299029917,0.3340977083473905,0.11162127872297799,-2.192643577649322
406115.454250376,0.2642987079452723,0.4332423120504245,-4.197311291610048,4.197311291610048,0.23824775684350294,0.2642987079452723,0.33838644077762586,0.11450538330214968,-2.1671334413537493
406356.795624792,0.32864293799502775,0.3671924060327001,3.1292963760807067,3.1292963760807067,0.3195606551184046,0.32864293799502775,0.34738334895047823,0.12067519112804971,-2.1146527136121014
406693.816726797,0.6047696640016511,0.09353625198127702,1.0846853616397623,1.0846853616397623,0.9219263349219169,0.09353625198127702,0.23784004642341178,0.05656788768269067,-2.8723138102094863
406766.930586034,0.9248120340052992,0.40450147597584873,-10.251908073297235,10.251908073297235,0.09754281767358634,0.40450147597584873,0.6116272007974877,0.37408783275537033,-0.9832646622003379
406787.878831928,0.33860895899124444,0.902343716006726,-12.83475478414263,12.83475478414263,0.07791344804152413,0.33860895899124444,0.552758234971971,0.3055416663293286,-1.1856691223403488
406867.591492275,0.5369875580072403,0.5386161789647304,-7.256975141798206,7.256975141798206,0.1377984601656235,0.5369875580072403,0.5378012519932073,0.28923018664546124,-1.240532414319476
408414.835698216,0.6345479869632982,0.5767930450383574,-6.821979691023566,6.821979691023566,0.14658501568332294,0.5767930450383574,0.6049817068503152,0.36600286562352063,-1.005114116038961
410105.416410029,0.4940944960108027,0.4865140119800344,13.37371399272703,13.37371399272703,0.0747735446222213,0.4865140119800344,0.49028960375625824,0.24038389555146872,-1.4255180687835456
410248.373195401,0.6555771710118279,0.3756685970001854,7.233106564517292,7.233106564517292,0.1382531822364677,0.3756685970001854,0.49626581189858726,0.246279756059364,-1.40128716944082
411666.848449333,0.7952012380119413,0.30242037103744224,-7.182355987729001,7.182355987729001,0.13923008017264699,0.30242037103744224,0.49039275427865436,0.2404850534490047,-1.4250973391887634
411874.701389285,0.2627117459778674,0.49605212901951745,9.528881353467828,9.528881353467828,0.10494411284028339,0.2627117459778674,0.3609968433528966,0.13031872091075578,-2.0377721297245768
412557.992238038,0.21167841501301154,0.8563722550170496,-2.220295164805541,2.220295164805541,0.4503905678178525,0.21167841501301154,0.42576463169587914,0.1812755216031276,-1.7077371863151458
412918.625074301,0.3185824729735032,0.6243055400555022,-5.611708202571821,5.611708202571821,0.1781988592246661,0.3185824729735032,0.44597399345919303,0.19889280284194033,-1.6149892785836317
413472.569496779,0.7258037609863095,0.6705289459787309,-9.038359323886024,9.038359323886024,0.11063954907803468,0.6705289459787309,0.6976191158802552,0.4866724308415489,-0.7201640088230432
414364.479339806,0.7300677970051765,0.39062404801370576,6.083789326854425,6.083789326854425,0.16437124073082296,0.39062404801370576,0.5340243797717577,0.2851820381906105,-1.2546275721216174
414773.629060992,0.7410469349706545,1.0531917900079861,-42.0091127573437,42.0091127573437,0.02380435896792864,0.7410469349706545,0.8834390459571477,0.7804645479216754,-0.24786596232390318
415487.552951515,0.592275378992781,0.5915736749884672,11.935607674360108,11.935607674360108,0.08378291472734856,0.5915736749884672,0.5919244230101903,0.3503745225559467,-1.0487526321639806
416446.329891497,0.37452900595963,0.9143923450028524,5.253676020599908,5.253676020599908,0.19034291343412754,0.37452900595963,0.5852063362874785,0.3424664560310134,-1.071581564671736
416937.053196728,0.3400201940094121,0.9304834909853525,-5.293034610075548,5.293034610075548,0.18892753848547514,0.3400201940094121,0.562479490406001,0.3163831771273946,-1.1508012141374824
416989.861683096,0.7068311789771542,0.6322904709959403,7.551716269819422,7.551716269819422,0.13242022929231584,0.6322904709959403,0.668522713952249,0.4469226190700806,-0.8053698110541715
417136.342440416,0.23040524497628212,0.5950589550193399,-3.6154946618631083,3.6154946618631083,0.27658732580860396,0.23040524497628212,0.37027652410943024,0.13710470430656146,-1.987010380044401
418493.466947075,0.7848021590034477,0.35840165201807395,-7.454848452080069,7.454848452080069,0.13414088917139258,0.35840165201807395,0.5303530807812724,0.2812743902941868,-1.268424608177562
421080.071412432,0.7512066119816154,0.32829656201647595,-4.59402155997417,4.59402155997417,0.2176742069981976,0.32829656201647595,0.49660703587203553,0.2466185480776092,-1.3999124758427481
422686.428351487,0.4767873559612781,0.7783423910150304,-10.835927081604371,10.835927081604371,0.09228559702082635,0.4767873559612781,0.6091829040974768,0.3711038106446356,-0.9912734424567575
423027.72514501,0.7897001439705491,0.485815022024326,6.9297114296556055,6.9297114296556055,0.14430615331549212,0.485815022024326,0.6193934071619311,0.38364819283566576,-0.9580293108200568
423122.558469673,0.3408223099540919,1.3276160630048253,-16.84223328057802,16.84223328057802,0.05937454869201766,0.3408223099540919,0.6726672084511491,0.4524811733254618,-0.7930091226182878
423812.556196024,0.4627297249971889,0.4528063189936802,-8.39714836874024,8.39714836874024,0.11908804704733619,0.4528063189936802,0.4577411314978533,0.20952694346493503,-1.5629029394647882
423964.230097503,0.39261209598043934,0.7570846290327609,11.817534156730384,11.817534156730384,0.08462002197222124,0.39261209598043934,0.5451977467296849,0.2972405830391256,-1.2132134241851515
424456.800203401,0.6272389070363715,0.29066387697821483,-10.551993826197778,10.551993826197778,0.09476881966299748,0.29066387697821483,0.4269844171755801,0.18231569251076982,-1.7020155203068588
424730.187668635,0.6976360089611262,0.20761866500834003,-4.596828471507123,4.596828471507123,0.21754129095709734,0.20761866500834003,0.3805814720165124,0.14484225684225538,-1.9321100125832267
424783.543592081,0.8948110630153678,0.3953364620101638,-13.123939345017478,13.123939345017478,0.07619663377822997,0.3953364620101638,0.5947700730702994,0.35375143982004925,-1.0391607598702892
425218.795559832,0.5564168710261583,0.4483521899674088,8.55992693395951,8.55992693395951,0.11682342708238942,0.4483521899674088,0.4994704422279574,0.24947072265939133,-1.3884137147264513
425319.996170104,1.056707104027737,0.4898721069912426,-14.151891626810905,14.151891626810905,0.07066193173112559,0.4898721069912426,0.7194799062674938,0.5176513355226817,-0.6584533608010033
426374.183814641,0.16467056196415797,0.5887841160292737,2.169190807478537,2.169190807478537,0.46100140040810794,0.16467056196415797,0.31137663891517375,0.09695541126211049,-2.3335040838731422
426417.003354672,0.3653860989725217,0.8413445759797469,7.27953103574912,7.27953103574912,0.13737148658190895,0.3653860989725217,0.5544507304611747,0.3074156125089301,-1.1795546602638731
426954.211498418,0.3291382830357179,0.6951889769989066,-5.558991817814079,5.558991817814079,0.17988873392391905,0.3291382830357179,0.47834433860429176,0.2288133062747773,-1.4748488643721798
426990.066667194,0.7631308300187811,0.41064069501589984,7.880854783172417,7.880854783172417,0.12688978892686215,0.41064069501589984,0.5597969046243225,0.3133725744269728,-1.1603624626948703
427927.863126665,0.9343484740238637,0.5698735549813136,-34.71458013599153,34.71458013599153,0.028806340047397423,0.5698735549813136,0.7296989012485525,0.5324604864833448,-0.6302465879389401
428552.747256759,0.41853999998420477,0.5836882070288993,15.575100138358685,15.575100138358685,0.06420504466210004,0.41853999998420477,0.49426396000584144,0.24429686216065605,-1.4093711450061854
428951.018966771,0.597419357043691,0.7837288309819996,28.90987617547248,28.90987617547248,0.034590255382982694,0.597419357043691,0.6842622116571029,0.4682147743018698,-0.7588281688873745
428973.121921385,0.09285699797328562,0.7420775649952702,-1.392224026306206,1.392224026306206,0.7182752065076485,0.09285699797328562,0.2625016094213263,0.06890709494878654,-2.6749961316807838
429481.605413754,0.47999732301104814,0.8981052919989452,7.705915440961123,7.705915440961123,0.12977043514965883,0.47999732301104814,0.6565730240739025,0.4310881359415494,-0.8414427180402418
431196.122684018,0.6991125509957783,0.6366050720098428,8.706781539395912,8.706781539395912,0.11485300228049379,0.6366050720098428,0.6671271212217746,0.44505859586965235,-0.8095493293728566
433114.095997526,0.5753519340069033,0.7299625459709205,17.47417320586357,17.47417320586357,0.05722731417498161,0.5753519340069033,0.6480627767253511,0.41998536257697217,-0.8675354193192427
433699.510209287,0.7218277750071138,0.5530110269901343,15.380197320571275,15.380197320571275,0.06501867168261119,0.5530110269901343,0.6318059189076085,0.39917871916668757,-0.9183460446664699
435161.53315502,0.7604244409594685,0.3306153890443966,-15.451030831928302,15.451030831928302,0.064720600902147,0.3306153890443966,0.5014060454229511,0.2514080223866825,-1.3806780724891379
435910.87209345,0.3243997799581848,0.670200732012745,-6.875387839932827,6.875387839932827,0.1454463403783444,0.3243997799581848,0.4662756373570775,0.21741296999274887,-1.5259566464943284
438693.074724546,0.2483330270042643,0.5940020820125937,3.7170803274631545,3.7170803274631545,0.26902835341265907,0.2483330270042643,0.38407074227676163,0.14751033507302266,-1.9138570373652517
438946.545480396,0.42634450999321416,0.6930794959771447,6.332432890714655,6.332432890714655,0.1579171887421524,0.42634450999321416,0.5435905058945747,0.2954906380987196,-1.219118124198872
440033.586510226,0.5439142700051889,0.3850029949680902,4.5571338472989105,4.5571338472989105,0.21943617052036266,0.3850029949680902,0.4576118693367559,0.20940862295788018,-1.563467802034043
440259.121843763,0.5853281560121104,0.39692721102619544,6.767610768936046,6.767610768936046,0.1477626350188595,0.39692721102619544,0.4820089962863689,0.2323326725009928,-1.45958500122235
441023.399834747,0.3732280890108086,0.6814378979615867,7.219998517177854,7.219998517177854,0.1385041835702314,0.3732280890108086,0.504313161077267,0.2543317644357454,-1.36911570505161
441554.634681749,0.30538769700797275,0.28554355300730094,-2.6808744256042583,2.6808744256042583,0.37301262246724,0.28554355300730094,0.2952989807777427,0.08720148804837363,-2.439533883437878
441813.557436541,0.8092495439923368,0.2216731309890747,-11.06285247962841,11.06285247962841,0.09039260008586764,0.2216731309890747,0.4235432447439839,0.17938888016826227,-1.7181993147329975
442505.450726571,0.49741198000265285,0.26143146795220673,5.722090964181425,5.722090964181425,0.17476129028002182,0.26143146795220673,0.3606094065732441,0.13003914410910725,-2.0399197653190364
443467.607494279,0.6468724539736286,0.2563579670386389,-4.806893174342146,4.806893174342146,0.20803457945304898,0.2563579670386389,0.4072234119423574,0.16583090723397492,-1.7967866409034898
443874.229436117,0.09133287001168355,0.549589422007557,1.7131865679255518,1.7131865679255518,0.5837075883748442,0.09133287001168355,0.2240436993981587,0.0501955792400125,-2.991828319110181
445934.620332613,0.5743463750113733,0.300067443982698,3.2953564588777575,3.2953564588777575,0.30345730802686904,0.300067443982698,0.4151417212355209,0.17234264871039093,-1.7582706401903783
446268.383409086,0.3245613999897614,0.5892212760518305,5.7609231936200365,5.7609231936200365,0.17358328975943563,0.3245613999897614,0.4373082234067132,0.19123848225913578,-1.6542340315706414
447220.642887968,0.14526705699972808,0.523396558011882,-1.6330557819138491,1.6330557819138491,0.6123489540743406,0.14526705699972808,0.2757395104553817,0.07603227762617355,-2.5765973232501587
448487.589343782,0.41641264100326225,0.8252410429995507,18.360860645938374,18.360860645938374,0.05446367788980584,0.41641264100326225,0.5862088383671211,0.3436408021797296,-1.0681583468542515
449547.50591442,0.7919907349860296,0.4844744660076685,-17.042746306751702,17.042746306751702,0.058675989303662704,0.4844744660076685,0.6194346522558918,0.3836992884153776,-0.9578961362647588
450649.650318917,0.4977870149887167,0.813861093018204,-13.921207689005845,13.921207689005845,0.07183284829445806,0.4977870149887167,0.6364978272617952,0.405129484108986,-0.9035485491238316
450917.287013213,0.21585626696469262,0.5038760690367781,-2.856853676298,2.856853676298,0.3500354282393039,0.21585626696469262,0.32979509892526093,0.10876480727512265,-2.218567459430416
451201.178619648,0.37368784699356183,0.7060262620216236,4.66972070815173,4.66972070815173,0.2141455694029716,0.37368784699356183,0.5136471880345232,0.26383343377577284,-1.3324373076251228
451999.219466956,0.3360585939954035,0.9268162660300732,-5.6053032126644124,5.6053032126644124,0.1784024810184465,0.3360585939954035,0.5580901103353617,0.31146457125413624,-1.1664696831648296
452864.211624142,0.5598016410367563,0.7471190139767714,30.608355397850765,30.608355397850765,0.03267081772286979,0.5598016410367563,0.6467135765344345,0.41823845007395993,-0.8717035543824313
453555.832342936,0.45515887200599536,0.2295501430053264,-4.707029698687578,4.707029698687578,0.21244820279736532,0.2295501430053264,0.32323642146131876,0.10448178415911928,-2.25874253703857
453567.89170108,0.3090442460379563,0.6897399869631045,-4.7453619115157695,4.7453619115157695,0.21073208295730994,0.3090442460379563,0.46169272707423326,0.21316017423324243,-1.5457114041714424
453638.224739361,0.36423697095597163,0.7370118730468675,4.103851426636421,4.103851426636421,0.24367353883949333,0.36423697095597163,0.5181186854352757,0.26844697219717817,-1.3151018810105488
454500.974041245,0.3255195210222155,0.28943584399530664,1.7257746354812071,1.7257746354812071,0.579449934794739,0.28943584399530664,0.3069479064988274,0.0942170173040129,-2.3621544629295084
454594.945304505,0.5998111499939114,0.483370753005147,12.473008924490289,12.473008924490289,0.080173116691718,0.483370753005147,0.5384525673013735,0.2899311672334401,-1.238111738542071
454821.904918364,0.5905787349911407,0.5031721729901619,14.10240968102143,14.10240968102143,0.0709098673644241,0.5031721729901619,0.545126393974162,0.2971627854072732,-1.2134751913164514
455025.07600926,0.4953029180178419,0.9367190710036084,11.661032001919114,11.661032001919114,0.08575570325468836,0.4953029180178419,0.681145864871137,0.46395968923104924,-0.7679576071870986
455885.947942782,0.29302216903306544,0.7985713990055956,-4.531050439661669,4.531050439661669,0.22069937497201408,0.29302216903306544,0.4837345588898825,0.23399912346438917,-1.4524379095101303
456663.338356977,0.9506548710050993,0.175140691048,-5.124144067484758,5.124144067484758,0.19515454421851589,0.175140691048,0.4080420947108036,0.1664983510559804,-1.7927698731783646
456963.797573501,0.4375119390315376,0.776422557013575,-14.008315432976309,14.008315432976309,0.07138617093429718,0.4375119390315376,0.5828328563377615,0.33969413842683377,-1.0797096591106767
457302.855939623,0.6065319280023687,0.4814070299617015,-8.86318415111327,8.86318415111327,0.11282626908687143,0.4814070299617015,0.5403598190433526,0.29198873403656483,-1.231040059524721
458324.438007638,0.3763728449703194,0.5945151600171812,6.881224475952097,6.881224475952097,0.14532297318518134,0.3763728449703194,0.47303209421100717,0.22375936215365116,-1.497184080675034
458370.473935737,0.4230013519991189,0.7353995250305161,9.13213871904275,9.13213871904275,0.1095033738279462,0.4230013519991189,0.5577409733446327,0.3110749933474182,-1.1677212597062234
458799.06168566,0.21300910698482767,0.356628094043117,2.613242428382082,2.613242428382082,0.38266637229639766,0.21300910698482767,0.27561754631703966,0.07596503183782549,-2.577482151974727
458917.440886558,0.37822851695818827,0.7832757860305719,-6.57066025095644,6.57066025095644,0.15219170704411902,0.37822851695818827,0.5442951762780949,0.29625723891960243,-1.2165271516596765
459209.891621978,0.6110074690077454,0.5669750859960914,16.87984499173414,16.87984499173414,0.05924225018000392,0.5669750859960914,0.5885796567032542,0.3464260122849206,-1.0600860119119384
459651.113087831,0.35648402001243085,0.6134714449872263,-5.418962542526251,5.418962542526251,0.18453716779777052,0.35648402001243085,0.46764598455656736,0.21869276687188124,-1.5200874251344998
460120.283407863,0.4371979800052941,0.524556617019698,-7.4295059874912175,7.4295059874912175,0.13459845132148257,0.4371979800052941,0.47888943751081275,0.22933509335942265,-1.4725710552139861
460551.50529269,0.5962367150350474,0.48178003198700026,-16.00564458766176,16.00564458766176,0.062477958605357764,0.48178003198700026,0.5359616997896482,0.2872549436414091,-1.247385152161474
461362.809060633,0.5602200819994323,0.5959965779911727,10.94651582767472,10.94651582767472,0.09135326854155949,0.5602200819994323,0.5778315081350236,0.3338892517935958,-1.0969459224470226
461462.814021618,0.2609885379788466,0.7486671610386111,-2.370501724057769,2.370501724057769,0.4218516231611187,0.2609885379788466,0.4420334238405969,0.1953935477922408,-1.6327395604291823
461489.423636169,0.31240477797109634,0.7934516330133192,4.636427655673029,4.636427655673029,0.2156832963362261,0.31240477797109634,0.4978735594931004,0.2478780812423298,-1.3948182615897653
462038.855495821,0.7332531620049849,0.29073592799250036,-10.89022046043921,10.89022046043921,0.09182550561145109,0.29073592799250036,0.46171748776600885,0.2131830385089545,-1.5456041465674715
462199.988703542,0.7699092379771173,0.41038439102703705,-9.767715767042384,9.767715767042384,0.10237808141122794,0.41038439102703705,0.5621020670423917,0.31595873377332945,-1.15214366324766
463185.981821635,0.4784501619869843,0.7362706590211019,13.089181561612158,13.089181561612158,0.07639897080599689,0.4784501619869843,0.5935223804330464,0.3522688160749099,-1.0433607128097908
463877.291913529,0.7927525619743392,0.4661379490280524,-19.188560836594682,19.188560836594682,0.05211438254884081,0.4661379490280524,0.6078914815371675,0.36953205332545247,-0.9955177945201199
464398.494174619,0.40259944897843525,0.23853016301291063,-3.296557652710688,3.296557652710688,0.30334673479097857,0.23853016301291063,0.30989048419358434,0.09603211219373416,-2.343072641429564
464653.24992556,0.32463861303403974,1.204191570985131,4.284375092914783,4.284375092914783,0.23340626773172451,0.32463861303403974,0.6252416184419383,0.3909270814318943,-0.9392342288902091
465198.023981325,0.15825855499133468,0.7289709729957394,1.9599426634264203,1.9599426634264203,0.5102190072498219,0.15825855499133468,0.3396555502519177,0.11536589281693298,-2.1596465247725636
465469.855983793,0.9143725389731117,0.25318081403383985,4.470646854984922,4.470646854984922,0.22368127755046593,0.25318081403383985,0.4811461147587096,0.23150158374740137,-1.463168564237775
465589.853544157,0.4769793020095676,0.6186964269727468,-16.196788353115803,16.196788353115803,0.06174063513076827,0.4769793020095676,0.5432360351571628,0.29510538989327423,-1.2204227325667825
465812.635757607,0.940755289979279,0.570416803995613,14.095407497924416,14.095407497924416,0.07094509329703681,0.570416803995613,0.7325453063476324,0.5366226258519465,-0.6224601766690554
466789.680004084,0.5878427200368606,0.825860857963562,22.38249815140003,22.38249815140003,0.04467776533413675,0.5878427200368606,0.6967612884749522,0.48547629311727564,-0.7226248222735067
467403.116596794,0.5282630439614877,0.4266143760178238,-9.87392573490219,9.87392573490219,0.10127684032149609,0.4266143760178238,0.4747258249483656,0.2253646088729063,-1.4900357044654107
468310.119522612,0.3411711510270834,0.4176450719824061,-10.15050351434732,10.15050351434732,0.09851728030895619,0.3411711510270834,0.3774764230107976,0.1424884499290266,-1.9484943356880522
468914.028482115,0.368830859020818,0.5419225039659068,-3.994078139023878,3.994078139023878,0.2503706650677576,0.368830859020818,0.44707688674372115,0.19987774266045807,-1.6100493860436984
471193.181570455,0.7392539130523801,0.8480056059779599,46.509963911513765,46.509963911513765,0.021500769209421924,0.7392539130523801,0.7917647772599901,0.6268914625095616,-0.4669818593791533
472670.644404993,0.4962306770030409,0.48051221104105935,11.637844794876594,11.637844794876594,0.08592656266048819,0.48051221104105935,0.48830820164434363,0.23844489979313294,-1.4336170234658843
473049.503509025,0.4879904729896225,0.3295145070296712,-4.597431708712584,4.597431708712584,0.21751274697673093,0.3295145070296712,0.4009986784795575,0.16079994014235155,-1.8275942944863979
474539.414072469,0.17961556400405243,0.8026861930266023,8.112649171119264,8.112649171119264,0.12326429738388832,0.17961556400405243,0.3797037440936537,0.14417493327873887,-1.9367279022604533
475237.066163702,0.8607424310175702,0.7288374269846827,-37.18591150493661,37.18591150493661,0.02689190501266172,0.7288374269846827,0.7920487981932595,0.6273412987193866,-0.46626455037078063
476384.068113206,0.2380004920414649,1.0337123270146549,-3.6595854805992603,3.6595854805992603,0.2732549916654083,0.2380004920414649,0.4960081072510968,0.2460240424588155,-1.4023260142529679
477345.607486875,0.5217991559766233,0.25216850003926083,4.106046521493362,4.106046521493362,0.24354327082399974,0.25216850003926083,0.3627413823709357,0.1315813104843774,-2.0281302877722904
477568.796613042,0.4721299550146796,0.5017901909886859,-5.8251081906549995,5.8251081906549995,0.17167063121750462,0.4721299550146796,0.4867341988172762,0.23691018029829577,-1.4400741957635215
477669.54466487,0.3789344420074485,0.24627446196973324,-2.9336969910395387,2.9336969910395387,0.34086683221011715,0.24627446196973324,0.3054862940087255,0.09332187582718547,-2.371700731010941
477897.597956337,0.2941804599831812,0.3837078670039773,-2.4094665213669444,2.4094665213669444,0.4150296304730051,0.2941804599831812,0.33597523244190985,0.11287935681439536,-2.1814356694127475
479001.239122458,0.6596350959734991,0.37324782699579373,-7.869115902053288,7.869115902053288,0.12707907882498848,0.37324782699579373,0.4961928719583448,0.2462073661822704,-1.4015811461737973
479472.54192495,0.31171201705001295,0.6421101180021651,-4.422359936810057,4.422359936810057,0.22612361144021248,0.31171201705001295,0.4473851138009363,0.20015344005067673,-1.608671006328394
479497.169659148,0.5951499000075273,0.923796342976857,-35.40008722871824,35.40008722871824,0.02824851796378491,0.5951499000075273,0.7414831765792099,0.5497973011499958,-0.5982056120480602
479855.189906735,0.3510946499882266,0.7311390950344503,4.560272551749539,4.560272551749539,0.21928513891485546,0.3510946499882266,0.5066547391111911,0.25669902466382905,-1.3598509906298721
479903.346423808,0.7302522360114381,0.605475194985047,24.691633709627304,24.691633709627304,0.04049954781283259,0.605475194985047,0.6649433171235666,0.442149614987292,-0.8161069587347356
480399.645911975,0.4979130300343968,0.3924260570202023,3.9228747708399077,3.9228747708399077,0.2549150963047171,0.3924260570202023,0.44203398864270593,0.1953940471153799,-1.6327370049584067
481965.837774209,0.6334615899831988,0.47701915801735595,-4.7070606048194295,4.7070606048194295,0.2124468078817867,0.47701915801735595,0.5497029327647079,0.30217331429012106,-1.1967545378403424
482007.048722266,0.8815649499883875,0.6569605009863153,-31.63181344990917,31.63181344990917,0.031613742335182854,0.6569605009863153,0.7610212554169213,0.579153351196347,-0.5461879812157108
482033.211408869,0.34778088598977774,0.3834991990006529,6.12733740783967,6.12733740783967,0.16320302497468836,0.34778088598977774,0.3652036297804516,0.13337369120481715,-2.0146003823057077
482576.794148611,0.5573009790387005,0.5102955219917931,-10.30975179299048,10.30975179299048,0.09699554558431679,0.5102955219917931,0.5332805959390338,0.28438819400509097,-1.2574150938517876
482692.368787552,0.29133579501649365,0.45923009602120146,2.340679251504046,2.340679251504046,0.42722641274212675,0.29133579501649365,0.36577337945760546,0.13379016511983743,-2.011482638325628
482933.424706873,0.6779260110342875,0.4417977450066246,-11.27141647663546,11.27141647663546,0.08871999380671469,0.4417977450066246,0.5472715806218009,0.29950618295628434,-1.2056202173783395
483031.455329932,0.8197942230035551,0.46388558304170147,-19.699761417587844,19.699761417587844,0.0507620360877673,0.46388558304170147,0.6166771611728642,0.3802907211122228,-0.966819263209049
483487.018120614,0.877203413983807,0.2840879959985614,5.045198933926627,5.045198933926627,0.19820823977335422,0.2840879959985614,0.49920232367423545,0.24920295996175615,-1.3894876142832158
483517.040598186,0.3229565510409884,0.7941453129751608,-6.424222977354972,6.424222977354972,0.1556608485609768,0.3229565510409884,0.506433047207451,0.25647443130382425,-1.3607263023660223
483670.102810071,0.7552966980147175,0.33123679098207504,4.600745035565791,4.600745035565791,0.217356100429291,0.33123679098207504,0.5001820213579777,0.25018205448975245,-1.3855664081829242
483776.834495074,0.4739506340119988,0.34668289800174534,-6.41386537636651,6.41386537636651,0.15591222161985968,0.34668289800174534,0.405352413720511,0.1643105793090443,-1.805996865816839
483806.825702362,0.5843947399989702,0.16759476100560278,-1.9741900292981311,1.9741900292981311,0.5065368506371812,0.16759476100560278,0.31295606206472304,0.09794149678305879,-2.3233849501714996
484175.415291812,0.934794711007271,0.36752833501668647,-11.544684372178486,11.544684372178486,0.08661995146527333,0.36752833501668647,0.5861429379587431,0.3435635437189069,-1.0683831954356358
484435.295509245,0.09504726901650429,0.5896625790046528,-2.737869046235671,2.737869046235671,0.3652475641137446,0.09504726901650429,0.23673997925069806,0.05604581777562095,-2.8815857482046843
485156.712197281,0.5509950970299542,0.39957888796925545,-4.623373831911076,4.623373831911076,0.21629226542268357,0.39957888796925545,0.4692185078913033,0.2201660081477411,-1.5133734346942727
485510.867599528,0.6006237610126846,0.49746112700086087,-4.013492835362746,4.013492835362746,0.2491595328610119,0.49746112700086087,0.5466140988456717,0.2987869730568658,-1.2080244242077913
485706.09916419,0.5750592849799432,0.4232743509928696,-11.346791856195718,11.346791856195718,0.08813063751177981,0.4232743509928696,0.49336380656905615,0.24340784563230908,-1.4130168654547344
486478.078445876,0.31205418799072504,0.7347667120047845,6.742255944375306,6.742255944375306,0.14831830892362446,0.31205418799072504,0.47883925243996855,0.22928702967726794,-1.4727806555795873
487564.261680391,0.47577432898106053,0.28213611303362995,6.881033444654088,6.881033444654088,0.14532700764256645,0.28213611303362995,0.36637838345063417,0.13423311985989994,-2.0081772901102193
487794.182080312,0.536264524969738,0.3878115200204775,3.21583895795876,3.21583895795876,0.31096084507749905,0.3878115200204775,0.45603679737667374,0.20796956056157337,-1.5703635534440412
488105.257909062,0.5435874540125951,0.8658273959881626,17.967567236013657,17.967567236013657,0.055655837368769084,0.5435874540125951,0.6860414781917784,0.4706529097995603,-0.7536343784954085
488347.195261447,0.457698573009111,0.47880611900473014,-5.58736202640962,5.58736202640962,0.17897533671047794,0.457698573009111,0.4681333970317601,0.21914887741649555,-1.5180039745739906
488555.689521453,0.4499507669825107,0.39618124498520046,-4.1060827075811694,4.1060827075811694,0.24354112452573679,0.39618124498520046,0.4222109129868352,0.17826205504517692,-1.7245005919875689
488796.393810932,0.5822605469729751,1.3557097060256638,-32.9246158056411,32.9246158056411,0.030372412115699344,0.5822605469729751,0.8884684997044489,0.7893762749670743,-0.23651217071849667
488979.135587905,0.36232850298983976,0.6236917990026996,14.30862488585755,14.30862488585755,0.06988791781021433,0.36232850298983976,0.4753749213617481,0.22598131585968817,-1.487302956314688
489343.103460752,0.42384727497119457,0.3888820030260831,4.891444339212846,4.891444339212846,0.20443859331759762,0.3888820030260831,0.40598839548433546,0.16482657726794517,-1.8028614046795823
489980.82442938,0.6304405329865403,0.7488541739876382,11.565624738837796,11.565624738837796,0.08646312002861056,0.6304405329865403,0.6871011749211043,0.472108024577962,-0.7505474539510495
490177.240108884,0.20593819598434493,0.9376196829834953,4.1833293106536855,4.1833293106536855,0.23904405456517608,0.20593819598434493,0.4394220135963086,0.1930917060330344,-1.644590042137469
491351.185180683,0.5294884069589898,0.5482070920406841,-7.691550807833816,7.691550807833816,0.13001279260633677,0.5294884069589898,0.5387664613246097,0.2902692998482421,-1.2369461667362303
493630.125117114,0.682489025988616,0.8664186809910461,21.61778047617839,21.61778047617839,0.04625821791011086,0.682489025988616,0.7689741489074392,0.5913212416879206,-0.525395853093642
493642.847048665,0.3319349879748188,0.49855612899409607,-4.316565289957915,4.316565289957915,0.2316656723173877,0.3319349879748188,0.40680243691800505,0.1654882226824275,-1.7988552487368705
493749.914943209,0.7886908399523236,0.9267031630151905,-22.14290803566742,22.14290803566742,0.045161186524787844,0.7886908399523236,0.8549165433098869,0.7308822960249256,-0.31350284994686783
493954.298863075,0.3651687609963119,0.8840475450269878,15.250968437148284,15.250968437148284,0.06556960655457142,0.3651687609963119,0.5681782701576473,0.3228265466793364,-1.1306401071841967
494044.120638732,0.4064919799566269,0.5766152940341271,-8.784871516656695,8.784871516656695,0.11383205754391901,0.4064919799566269,0.48413788588087686,0.23438949254520494,-1.4507710493096169
494798.032847556,0.80253076198278,0.37175151001429185,-14.506880256223472,14.506880256223472,0.0689328085941151,0.37175151001429185,0.5462069411862309,0.2983420226000187,-1.2095147237659638
494918.29834343,0.5074649029993452,0.46707350900396705,-6.568297515885465,6.568297515885465,0.1522464531458105,0.46707350900396705,0.4868505036869757,0.23702341294026194,-1.4395963539488195
495870.411517177,0.3891688489820808,0.6438639069674537,5.922044567620517,5.922044567620517,0.1688606001831899,0.3891688489820808,0.5005714490216452,0.2505717755756295,-1.384009870254852
496026.758861459,1.1139126709895208,0.6120022390387021,15.14790253955584,15.14790253955584,0.06601574029068988,0.6120022390387021,0.8256615824532275,0.6817170487391678,-0.38314059177375515
496054.564071111,0.3563398169935681,0.9869528230046853,-7.257493315426106,7.257493315426106,0.13778862157192182,0.3563398169935681,0.5930350650094605,0.351690588330775,-1.0450035003641787
496663.386818796,0.35683944600168616,0.3885080980253406,-5.017302675977243,5.017302675977243,0.19931027976206867,0.35683944600168616,0.3723372321787486,0.13863501446653131,-1.9759105945031725
497710.791452105,0.7615426469710656,0.21276805602246895,-2.3849855864490777,2.3849855864490777,0.41928974568306104,0.21276805602246895,0.4025319224288168,0.16203194857423897,-1.819961749772535
497814.50066928,0.3310559780220501,0.812115591019392,7.905670957358916,7.905670957358916,0.12649147749681636,0.3310559780220501,0.5185129904369611,0.26885572125188006,-1.3135803954920982
497863.184394887,0.27431673603132367,1.0164937420049682,-10.062280412113164,10.062280412113164,0.09938105072048886,0.27431673603132367,0.5280542069741224,0.27884124550306927,-1.277112671643642
498066.866078151,0.6079597380012274,0.755086018005386,-12.670756528492197,12.670756528492197,0.07892188582041981,0.6079597380012274,0.6775410671501356,0.45906189767494454,-0.7785702246911645
498373.880027607,0.15600052004447207,0.6906128519913182,2.0341387729651026,2.0341387729651026,0.49160854376829477,0.15600052004447207,0.32823157078508103,0.10773596406004166,-2.2280718224272933
498838.875260334,0.37654660997213796,0.4428612740011886,-7.254427556751575,7.254427556751575,0.13784685175735426,0.37654660997213796,0.40836002670816063,0.16675791141308968,-1.7912121505557108
499260.288683498,0.4671397769707255,0.4554144950234331,-3.205241747716931,3.205241747716931,0.31198894770177393,0.4554144950234331,0.4612398786255175,0.21274222563448214,-1.5476740544549417
499560.655820862,0.467178052989766,0.9229692119988613,-9.363920265529561,9.363920265529561,0.10679287858539306,0.467178052989766,0.6566513225686267,0.43119095943112656,-0.8412042256759567
500021.763351717,0.38766205694992095,0.6629988110507838,-4.300887078369267,4.300887078369267,0.23251017331502738,0.38766205694992095,0.506970889546233,0.25701948284729886,-1.3586033882159014
500583.391060419,0.8749834509799257,0.13117499003419653,-2.983065401177864,2.983065401177864,0.335225637227112,0.13117499003419653,0.33878598770075874,0.11477594546237864,-2.164773351351887
501358.381862893,0.34992514102486894,0.5777803210075945,6.9013067550469245,6.9013067550469245,0.14490009435802867,0.34992514102486894,0.4496441485330111,0.20217986030997653,-1.5985975801755634
502416.537937938,0.5277357089798898,0.9239128839690238,-7.807853432891384,7.807853432891384,0.128076174661194,0.5277357089798898,0.6982705928628581,0.4875818208570474,-0.7182971649719169
504063.968703981,0.2634855280048214,0.6285783189814538,-5.761219571668453,5.761219571668453,0.17357436000489032,0.2634855280048214,0.40696595713795447,0.16562129026921138,-1.7980514808670705
504236.315111746,0.0852940630284138,0.6303340519662015,-1.587921424209929,1.587921424209929,0.6297540827610852,0.0852940630284138,0.23187011958715303,0.05376375235736065,-2.9231557868890317
505619.845340186,0.4995954069891013,0.5229960750439204,9.785241453217973,9.785241453217973,0.10219471893267797,0.4995954069891013,0.5111618500683223,0.26128643696527,-1.3421380137909837
505989.798999732,0.5957831240375526,0.5828648449969478,-10.601649089476645,10.601649089476645,0.09432494808686084,0.5828648449969478,0.5892885865549624,0.34726103824394544,-1.0576785102533441
506288.300675976,0.18269242398673669,0.7447644570493139,3.469098813472617,3.469098813472617,0.2882593012676355,0.18269242398673669,0.3688669461438704,0.136062823957505,-1.9946385590439122
506408.028813747,0.465641398972366,0.6572728379978798,-11.976223125751753,11.976223125751753,0.0834987783293516,0.465641398972366,0.5532209719378596,0.30605344379187005,-1.1839955393651929
506545.85244317,0.3081509649637155,0.6894755810499191,-11.888599338831103,11.888599338831103,0.08411419810690002,0.3081509649637155,0.4609366177897467,0.21246256561945104,-1.5489894679267948
506656.893409506,0.7590976339997724,0.162786232016515,3.941229768172015,3.941229768172015,0.25372791205314854,0.162786232016515,0.35152616342382614,0.12357064357147451,-2.090942273726533
506940.554593065,0.8176483499701135,0.1311699139769189,1.9686124052037424,1.9686124052037424,0.5079720098058127,0.1311699139769189,0.3274917765821754,0.10725086372894947,-2.232584667789661
507054.446793415,0.6097709329915233,0.6792197800241411,-20.22711018495976,20.22711018495976,0.049438599525876335,0.6097709329915233,0.6435592272445619,0.41416847897161774,-0.8814824339024345
507082.97634342,0.5417409309884533,0.32041724503505975,5.156899561371989,5.156899561371989,0.1939149653971447,0.32041724503505975,0.41663309593699904,0.17358313663004865,-1.751098620702038
508580.722000833,1.0659947880194522,0.7874501749756746,20.342995613916642,20.342995613916642,0.04915696876599138,0.7874501749756746,0.9161974581655827,0.8394177823490748,-0.17504674371199902
508933.444519344,0.20801591099007055,0.7245264980010688,-3.6790141273867163,3.6790141273867163,0.2718119489011916,0.20801591099007055,0.3882177733156197,0.15071303951813786,-1.8923776507615018
509242.983295562,0.20202872896334156,0.7432691740104929,4.6140728124303685,4.6140728124303685,0.21672826603559175,0.20202872896334156,0.38750706639101773,0.15016172650297263,-1.8960423890144376
509360.954778603,0.6728830939973705,0.45145912299631163,5.795745930635297,5.795745930635297,0.17254034458518536,0.45145912299631163,0.5511616926956169,0.30377921149509757,-1.1914541194201862
509470.42758183,0.6295105150202289,0.5091580069856718,-7.187691107216099,7.187691107216099,0.1391267355654791,0.5091580069856718,0.5661451396984907,0.3205203192042236,-1.1378096061778935
510095.979627303,0.5253283500205725,0.4807329289615154,10.219253291825087,10.219253291825087,0.09785450770654174,0.4807329289615154,0.5025362040409725,0.25254263637191,-1.3761751876029917
510847.871105806,0.3766680790577084,0.36538162699434906,-2.525547419387821,2.525547419387821,0.3959537612809482,0.36538162699434906,0.37098193428109355,0.1376275955629416,-1.9832038244409014
511893.707085032,0.5434672400006093,0.6793923359946348,-16.300169198252707,16.300169198252707,0.061349056432321865,0.5434672400006093,0.6076409118225754,0.3692274777205708,-0.9963423540942135
512318.870677297,0.40840183902764693,1.0862358029698953,-14.043733154463434,14.043733154463434,0.07120613792652249,0.40840183902764693,0.6660485714650081,0.443620699550578,-0.8127853619467612
512323.167648997,0.39962532999925315,0.6907202550210059,4.676802089843169,4.676802089843169,0.21382132080631486,0.39962532999925315,0.5253849158949444,0.2760293098499378,-1.2872482237948182
512586.988979749,0.3178965179831721,0.6201145570375957,-4.594802975947523,4.594802975947523,0.21763718819603656,0.3178965179831721,0.4439957865035758,0.19713225843292884,-1.6238804129035054
512780.472250615,0.71728844800964,0.05623134900815785,-1.2663274181336406,1.2663274181336406,0.7896851838475047,0.05623134900815785,0.20083350581899911,0.040334097059549955,-3.2105580868720347
512878.122096066,0.4806379310321063,0.6420395169989206,-6.215889281419522,6.215889281419522,0.16087802641356413,0.4806379310321063,0.5555074662785497,0.30858854509121403,-1.175746458694646
512959.30747401,0.5786855379701592,0.5246967950370163,-5.643332635736729,5.643332635736729,0.17720025817146456,0.5246967950370163,0.5510303504410752,0.3036344471072141,-1.1919307777520305
513454.027310907,0.5155130250495858,0.6580762319499627,-15.06010025303248,15.06010025303248,0.06640062039418639,0.5155130250495858,0.5824490269935715,0.3392468690457582,-1.0810272093568851
513954.387457223,0.5545634040026926,0.3389899449539371,4.279943978121665,4.279943978121665,0.23364791808300003,0.3389899449539371,0.4335797709722407,0.1879914177963407,-1.6713589672136462
514049.553344752,0.49702556402189657,0.5953108230023645,10.09393010186718,10.09393010186718,0.09906943974329875,0.49702556402189657,0.543952844988506,0.29588469757108965,-1.2177854357794389
514118.701491399,0.2109555370407179,0.2616627049865201,1.1372759813732163,1.1372759813732163,0.8792940468087078,0.2109555370407179,0.2349450924236518,0.05519919645395829,-2.8968068827985505
514720.70097477,0.18973058502888307,0.7434969620080665,-3.985941471356999,3.985941471356999,0.25088175709202115,0.18973058502888307,0.37558502841432284,0.1410641135689877,-1.9585407857884554
514835.634890102,0.4194754440104589,0.5042335219914094,-6.340691293054954,6.340691293054954,0.15771151027259656,0.4194754440104589,0.45990605619224445,0.21151358052230393,-1.5534660720498636
515059.332534391,0.31832061405293643,0.6217685129959136,6.829900029514279,6.829900029514279,0.14641502740576962,0.31832061405293643,0.44488395661749863,0.1979217348556404,-1.6198836049376102
515305.440593291,0.4939275920041837,0.3712015199707821,-5.592273094702608,5.592273094702608,0.17881816268008618,0.3712015199707821,0.4281899962720536,0.1833466729074613,-1.6963765307572807
515464.90990755,1.089163972006645,0.5605297199799679,25.59960950844658,25.59960950844658,0.0390630958519133,0.5605297199799679,0.78135061031598,0.6105087762411544,-0.4934626100373178
515804.414170463,0.6097540140035562,0.3308742980007082,-5.7836298619386675,5.7836298619386675,0.1729017976376519,0.3308742980007082,0.44916804353887496,0.20175193133654068,-1.6007163989582427
515992.416774205,0.22776746097952127,0.4752772740321234,6.305425643248298,6.305425643248298,0.15859357584698133,0.22776746097952127,0.32901777758590023,0.1082526979675649,-2.2232869889222253
516632.326294403,0.712953019014094,0.6539359909947962,-15.619065980767331,15.619065980767331,0.06402431497705166,0.6539359909947962,0.6828071755786647,0.4662256390217133,-0.7630855581361207
516840.636257813,0.6148672560229897,0.4782415329827927,7.565926341758898,7.565926341758898,0.1321715220092301,0.4782415329827927,0.5422684382308801,0.2940550591013579,-1.2239882533224304
517574.13208752,0.5679880059906282,0.11685006401967257,-1.082283861793617,1.082283861793617,0.9239720144609271,0.11685006401967257,0.25762265983878646,0.06636943486241106,-2.7125186468159415
517665.366630142,0.2931910519837402,0.604957613046281,4.550001756467924,4.550001756467924,0.21978013493697643,0.2931910519837402,0.4211509930827797,0.17736815897461156,-1.7295277123944726
517853.314040257,0.5580841419869103,0.5711330240010284,6.936257591903287,6.936257591903287,0.14416996294475898,0.5580841419869103,0.5645708845309004,0.31874028366000334,-1.1433786656093896
518123.221200572,0.6469373669824563,0.3395759570412338,6.274096428866317,6.274096428866317,0.15938550057967354,0.3395759570412338,0.46870499841457147,0.21968437553880346,-1.515563419376767
518539.329864,0.2847101500374265,0.49766062799608335,7.509423508569378,7.509423508569378,0.13316601452279928,0.2847101500374265,0.37641603587584416,0.1416890320644848,-1.9541205377901598
521035.312399859,0.6308134130085818,0.32727643800899386,5.909799300042114,5.909799300042114,0.16921048401641556,0.32727643800899386,0.4543680962146715,0.20645036685774498,-1.5776952496705317
521609.323132359,0.3779633410158567,0.4990476999664679,-9.859965982575309,9.859965982575309,0.10142022820030172,0.3779633410158567,0.4343060395684189,0.18862173600560506,-1.6680116661890776
522181.083702562,0.5533624000381678,0.6401846129447222,20.029921416185687,20.029921416185687,0.04992530820375184,0.5533624000381678,0.5951924847363221,0.354254093886597,-1.037740843988082
522275.822583838,0.3370625849929638,0.827209397975821,-6.107316500410931,6.107316500410931,0.16373803452510033,0.3370625849929638,0.5280353567822932,0.2788213380122036,-1.2771840678300193
522308.414872569,0.8730277720023878,0.38068113202461973,-10.79875794622085,10.79875794622085,0.09260324242659422,0.38068113202461973,0.5764938859474579,0.3323452005348006,-1.1015810895953564
522328.705300709,0.35578799102222547,0.7544736390118487,14.893947762984919,14.893947762984919,0.06714136613834804,0.35578799102222547,0.5181048738462642,0.2684326603032534,-1.3151551961041443
524875.815905144,0.4677739719627425,0.624847779981792,-14.691518160251457,14.691518160251457,0.06806648496719309,0.4677739719627425,0.5406362251220174,0.29228752791418466,-1.2300172765601378
525325.050736214,0.47439886908978224,0.6800273769767955,12.547221673921504,12.547221673921504,0.0796989186919705,0.47439886908978224,0.5679825865181809,0.3226042185878828,-1.1313290365387032
525850.059850015,0.373218675958924,0.5914680389687419,-3.933180263069633,3.933180263069633,0.2542471824618469,0.373218675958924,0.46983711898479785,0.2207469183759351,-1.51073839938742
526340.380620324,0.6929450990865007,0.42037742189131677,-8.276783553030247,8.276783553030247,0.12081988052398518,0.42037742189131677,0.5397207372949516,0.2912984742662062,-1.2334068527022595
527149.223099841,0.52143464400433,0.9850334839429706,-26.816177594582765,26.816177594582765,0.03729092248412069,0.52143464400433,0.7166802522967602,0.5136305840321479,-0.6662509800301207
528921.603549179,0.5665395730175078,0.33574671298265457,-4.1748614647698155,4.1748614647698155,0.23952890615380834,0.33574671298265457,0.43613507015054964,0.19021379941522487,-1.6596065793721058
529556.867106549,0.6019361249636859,0.6757441200315952,10.071207813355349,10.071207813355349,0.09929295656811966,0.6019361249636859,0.6377733116702314,0.40675479707881423,-0.8995447392738274
530333.884372289,1.2082776189781725,0.33756679005455226,10.425855099011002,10.425855099011002,0.09591539403754615,0.33756679005455226,0.6386504500375922,0.40787439733321906,-0.8967960016468961
530412.812694026,0.4844446450006217,0.7460877689300105,-15.403835241540344,15.403835241540344,0.06491889742518452,0.4844446450006217,0.601197325641594,0.3614382243586048,-1.0176641389609742
530457.083339424,0.5138520409818739,0.517752627027221,-12.867737147308361,12.867737147308361,0.07771374162777155,0.5138520409818739,0.5157986468784738,0.26604824412166445,-1.324077617767347
532615.603531122,0.42517083801794797,0.723102223011665,-13.010248864493631,13.010248864493631,0.07686248052711026,0.42517083801794797,0.554474506294483,0.3074419781305107,-1.179468898546044
534323.757135015,0.40826050797477365,0.7422886700369418,7.853897823967831,7.853897823967831,0.12732531316466691,0.40826050797477365,0.5504971839103275,0.303047149493201,-1.193866876690123
534342.384105676,0.298477460979484,0.4198417760198936,2.2940709920555173,2.2940709920555173,0.4359063008350875,0.298477460979484,0.353996196758574,0.12531330731953505,-2.076938219051846
534472.283751427,0.7794055149424821,0.2864756550407037,7.485963201947752,7.485963201947752,0.13358334432365535,0.2864756550407037,0.4725258780590589,0.22328070543548456,-1.499325530338224
534508.100304151,0.5744072849629447,0.48689203208778054,-7.476354151344665,7.476354151344665,0.13375503350388293,0.48689203208778054,0.5288424436650607,0.27967433022163296,-1.2741294590973382
535425.979591739,1.2618417489575222,0.5584303829818964,-39.81141393555396,39.81141393555396,0.02511842462110949,0.5584303829818964,0.8394347926628339,0.7046507711328951,-0.3500529589963971
535708.601008015,0.3697389740264043,0.5675240780692548,6.421002739136888,6.421002739136888,0.15573891503033685,0.3697389740264043,0.45807834522121565,0.20983577036060724,-1.5614301001239603
536635.931261775,0.48175125697162,0.6803215630352497,6.075986995773553,6.075986995773553,0.1645823140661095,0.48175125697162,0.5724908454614176,0.32774576813712875,-1.115517068283994
537823.07007276,0.5861002349993214,0.344223176012747,-5.029153035258494,5.029153035258494,0.19884063837174543,0.344223176012747,0.4491650969891625,0.2017492843532838,-1.6007295190339899
538232.672972717,0.46159584901761264,0.25873910705558956,3.1737758969532406,3.1737758969532406,0.315082108021546,0.25873910705558956,0.34559065061917377,0.11943289779538382,-2.1250005900494444
538695.399945804,0.40380335005465895,0.5372749869711697,-5.1582649775795195,5.1582649775795195,0.19386363522357147,0.40380335005465895,0.465782609850917,0.21695343963953156,-1.528072512336925
538983.28064965,0.49526330607477576,0.6555177549598739,-10.39047843508232,10.39047843508232,0.09624195904431203,0.49526330607477576,0.5697840735858997,0.3246538905121419,-1.124995616387319
539219.680382848,0.8067639010259882,0.5731481009861454,9.835049832604936,9.835049832604936,0.10167716656450712,0.5731481009861454,0.6799964689740821,0.4623951978172197,-0.7713353470212804
539979.635230282,0.5787108619697392,0.3659234429942444,6.3959353159421095,6.3959353159421095,0.15634929851580306,0.3659234429942444,0.46017808629935203,0.2117638711101339,-1.5522834405818446
540546.788051692,0.6115557689918205,0.7204521410167217,23.60514445489893,23.60514445489893,0.04236364670043201,0.6115557689918205,0.663774557452517,0.44059666312128476,-0.819625418130352
540820.193036731,0.7400741080055013,0.681567449006252,30.83736639986571,30.83736639986571,0.03242819075510789,0.681567449006252,0.7102185733060541,0.504410421868887,-0.6843650131918869
540843.232745861,0.6528618150623515,0.47351923992391676,10.575044949459526,10.575044949459526,0.0945622458135375,0.47351923992391676,0.556005962597231,0.3091426304436734,-1.1739525213866364
541272.149016485,0.4193152559455484,0.7203665029956028,19.262177111795204,19.262177111795204,0.05191521156700659,0.4193152559455484,0.5496004590411119,0.30206066457820085,-1.1971274056934094
541303.292763786,0.3915048340568319,0.42037684097886086,4.115835572456874,4.115835572456874,0.24296403060705074,0.3915048340568319,0.4056840708836916,0.16457956536876414,-1.8043611456589255
542823.929139956,1.025025053997524,0.3796293509658426,9.375622610000354,9.375622610000354,0.10665958321886446,0.3796293509658426,0.6238025296300167,0.38912959597280783,-0.9438428392453145
542970.246773883,0.7309411719907075,0.296824007993564,-7.9484458445043495,7.9484458445043495,0.12581075842536085,0.296824007993564,0.465790605613504,0.2169608882777948,-1.5280381800377372
543063.395886711,0.46324257692322135,0.449560642009601,3.71126633095031,3.71126633095031,0.26944980791608647,0.449560642009601,0.45635033722764506,0.20825563028778538,-1.5689889621048083
543464.439839158,0.20772947592195123,0.6497981820721179,3.0917677644996324,3.0917677644996324,0.3234395582625006,0.20772947592195123,0.36739928663087756,0.1349822358168777,-2.002612095743623
543567.172166281,0.34679230907931924,0.3264700749423355,-4.345262780783075,4.345262780783075,0.2301356788874772,0.3264700749423355,0.33647780184516024,0.11321731113455093,-2.1784461996880427
543916.267110618,0.5036322249798104,0.3793358930852264,-4.232197865255107,4.232197865255107,0.23628384868525573,0.3793358930852264,0.43708783996951467,0.19104577984921606,-1.6552421945809561
544062.629422211,0.42449326894711703,0.43772424606140703,9.444369983574004,9.444369983574004,0.10588318773398721,0.42449326894711703,0.43105799622326796,0.18581099610801888,-1.683025271856203
545526.187901222,0.6222425650339574,0.510993515024893,14.227539313738182,14.227539313738182,0.07028622293346222,0.510993515024893,0.5638811182375302,0.31796191550480746,-1.1458236659375673
545573.903488982,0.2598567319801077,0.927641378948465,-4.640818794272687,4.640818794272687,0.21547921699380224,0.2598567319801077,0.49097235887885665,0.24105385718306882,-1.4227348966693623
545576.67481965,0.4505727890646085,0.34713905898388475,7.883735575746455,7.883735575746455,0.12684342218128203,0.34713905898388475,0.39548882917173855,0.1564114139996326,-1.8552654739965104
546108.950835331,0.67993642995134,0.17131144599989057,-4.0706641539706485,4.0706641539706485,0.2456601581893141,0.17131144599989057,0.34129297239024325,0.11648089300296735,-2.1500280279854764
546764.432574762,0.48454017005860806,0.3790679229423404,5.600101552245326,5.600101552245326,0.1785681903570224,0.3790679229423404,0.428571622772956,0.18367363584624494,-1.6945948145008176
546893.613816568,0.88896344602108,0.5511939409188926,-26.0096136144935,26.0096136144935,0.038447322394776516,0.5511939409188926,0.6999937607901933,0.48999126514519836,-0.713367714270643
547082.408458511,0.9026485639624298,0.7364029079908505,-41.562531403679124,41.562531403679124,0.02406013219665152,0.7364029079908505,0.8152993483351366,0.6647130273956985,-0.40839986921632376
547566.078942094,0.3772668039891869,0.6437929050298408,-7.322811384649236,7.322811384649236,0.13655957356709936,0.3772668039891869,0.49283028692595804,0.24288169171152213,-1.4151808195837052
549081.535848361,0.505923977936618,0.6552051830803975,-5.54584695407685,5.54584695407685,0.18031510935672007,0.505923977936618,0.5757464829147676,0.33148401258872484,-1.1041756980041955
549637.05655019,0.6446943549672142,0.5782678209943697,-9.89369998908896,9.89369998908896,0.10107442120772078,0.5782678209943697,0.6105784141732015,0.3728059998542616,-0.9866971022705366
550622.061068271,0.3405904150567949,0.7485328608890995,-8.437496922141069,8.437496922141069,0.1185185617521083,0.3405904150567949,0.5049189219804191,0.2549431177738685,-1.366714826260435
550625.794220779,0.5071872409898788,0.5427642359863967,10.519297759347259,10.519297759347259,0.0950633799781376,0.5071872409898788,0.5246742754871064,0.27528309535792,-1.28995527315799
551217.920341967,0.4041938210139051,0.7572005710098892,13.082166348247956,13.082166348247956,0.07643993917979236,0.4041938210139051,0.5532230943031915,0.3060557920703979,-1.1839878666218644
552632.038626409,0.6470190050313249,0.2880465389462188,6.8893736247870745,6.8893736247870745,0.14515107678325492,0.2880465389462188,0.4317077541945468,0.18637158503169926,-1.6800128291679925
553434.430152402,0.6467789059970528,0.3156755829695612,5.637183848714961,5.637183848714961,0.1773935402564452,0.3156755829695612,0.4518542997505221,0.20417230820303467,-1.5887909935982583
553666.789869986,0.3596662579802796,0.4577112520346418,-3.968232738752008,3.968232738752008,0.25200134816550496,0.3596662579802796,0.4057379613183468,0.16462329325476827,-1.8040954864453682
555809.944626729,0.31092822505161166,0.607714414014481,8.520933291690339,8.520933291690339,0.1173580364694564,0.31092822505161166,0.43469019322708774,0.18895556408780287,-1.6662434022118813
555869.236979175,0.31206765200477093,0.48570958396885544,-4.249252360747525,4.249252360747525,0.23533551672230657,0.31206765200477093,0.3893253773200186,0.15157424942537484,-1.8866796788731537
555988.480490672,0.4062265281099826,0.3549088699510321,-2.8064148752907587,2.8064148752907587,0.3563265035417812,0.3549088699510321,0.3797017224554625,0.1441733980356451,-1.9367385507916013
556273.351343775,0.3435736889950931,0.578889322001487,8.545418770194594,8.545418770194594,0.11702176650346045,0.3435736889950931,0.44597212903938205,0.19889113987991922,-1.614997639715606
556373.040375411,0.36548542010132223,0.6058935419423506,-8.669980123611227,8.669980123611227,0.11534051817220074,0.36548542010132223,0.4705797017652569,0.2214452557134781,-1.5075798725792555
556530.246706626,0.6861156499944627,0.5954333869740367,-20.592270880903992,20.592270880903992,0.0485619097467943,0.5954333869740367,0.639168338806058,0.40853616533209564,-0.8951748365760939
557194.746453792,0.6758151039248332,0.32020849804393947,4.7368719294405865,4.7368719294405865,0.21110978191848595,0.32020849804393947,0.46519000352885886,0.21640173938317972,-1.5306186942270503
557427.173044268,0.4680224320618436,1.1939971409738064,29.105207180563866,29.105207180563866,0.034358113096263715,0.4680224320618436,0.7475409325203863,0.5588174457934487,-0.5819324319838601
557799.06256979,0.6406075720442459,0.8182336719473824,28.035067931198167,28.035067931198167,0.03566961216053176,0.6406075720442459,0.7239935676171858,0.5241666859510606,-0.6459455422850751
558064.817175688,0.29186317801941186,0.5317376470193267,2.8183887593398493,2.8183887593398493,0.354812655523871,0.29186317801941186,0.3939475085993373,0.15519463953162493,-1.8630752109298618
558700.707394422,0.8551501560723409,0.3086604279233143,-4.905141441431682,4.905141441431682,0.20386771960405004,0.3086604279233143,0.5137616306342638,0.2639510131119777,-1.3319917494475622
558802.450133673,0.4922358390176669,0.46647860493976623,10.08295050483653,10.08295050483653,0.09917731913097519,0.46647860493976623,0.4791841895203937,0.2296174874863166,-1.471340452427043
558978.615344798,0.5407523099565879,0.40831573109608144,-6.712331398014336,6.712331398014336,0.14897953344434445,0.40831573109608144,0.4698911307758628,0.220797674781819,-1.5105084955140897
559827.20614544,0.3231355750467628,0.6905467850156128,-10.794428087500743,10.794428087500743,0.09264038741968517,0.3231355750467628,0.47237721417603684,0.22314023247271336,-1.499954859993171
561021.897837802,0.5550120789557695,0.2808193831006065,4.3907660018844235,4.3907660018844235,0.22775069306148887,0.2808193831006065,0.39478874050021273,0.15585814962574432,-1.8588089826650132
561033.912912341,0.37380547798238695,0.878040824085474,17.576543880261752,17.576543880261752,0.05689400639923233,0.37380547798238695,0.5729017978112126,0.32821646993531955,-1.114081918966972
561747.632896495,0.3591332270298153,0.5523124379105866,-6.394680138903058,6.394680138903058,0.15637998747057577,0.3591332270298153,0.44536922677204976,0.19835374815553347,-1.6177032355251
562078.28818949,0.6975472969934344,0.32797010499052703,8.630824543929199,8.630824543929199,0.11586378507756666,0.32797010499052703,0.4783039412662152,0.22877466023079504,-1.4750177763493424
562681.627512863,0.3605594070395455,0.7184528110083193,10.033385490864482,10.033385490864482,0.09966725597362047,0.3605594070395455,0.5089645562542191,0.2590449195230542,-1.3507537978686686
562792.824006528,0.6272551380097866,0.5107309930026531,-20.196864323950482,20.196864323950482,0.04951263641525524,0.5107309930026531,0.5660023317105279,0.3203586395017545,-1.1383141623150634
563542.813213016,0.3885538800386712,0.7360222620191053,-8.442932311019582,8.442932311019582,0.11844226190168737,0.3885538800386712,0.5347750047471954,0.28598430570236283,-1.251818344834545
565225.538320348,0.7040688970591873,0.565502509009093,-6.458527868406806,6.458527868406806,0.15483404583445431,0.565502509009093,0.6309934451341276,0.39815272780223526,-0.9209196091097998
565280.636920443,0.7056958520552143,0.6796954210149124,-12.96425880102873,12.96425880102873,0.07713514635488831,0.6796954210149124,0.6925736345480863,0.47965823927114626,-0.7346814301921066
565305.009209953,0.5240956490160897,0.4606044919928536,-8.29531727906012,8.29531727906012,0.12054993996725132,0.4606044919928536,0.4913255643366432,0.2414008101707209,-1.4212966141904482
565795.734805863,0.5862994119524956,0.3094750239979476,4.276866228904407,4.276866228904407,0.23381605747724482,0.3094750239979476,0.42596364232640926,0.18144502458398112,-1.7068025660132415
566181.664789662,0.8296796620124951,0.3327790240291506,-11.570277087704289,11.570277087704289,0.0864283536530597,0.3327790240291506,0.5254521749706187,0.2760999881813537,-1.2869922028517022
566865.192226637,0.5138798999832943,0.44085302797611803,7.518784600920974,7.518784600920974,0.13300021919467014,0.44085302797611803,0.4759679715313836,0.22654550992369998,-1.484809427426685
567315.178112199,0.3892139649251476,1.0055876390542835,24.01886563118577,24.01886563118577,0.04163393956047673,0.3892139649251476,0.625610703294018,0.39138875207603585,-0.9380539621029073
567806.140878871,0.2952722329646349,0.3574909510789439,-5.052673588524746,5.052673588524746,0.19791502112290119,0.2952722329646349,0.32489560075465906,0.10555715138973082,-2.2485027534090234
568210.975315847,0.12731599400285631,0.741934490040876,-2.055400484122752,2.055400484122752,0.4865231898720709,0.12731599400285631,0.30734366283454817,0.09446012708455642,-2.3595774691354774
569432.901233976,0.3525087130255997,0.49266334204003215,6.9581795988742074,6.9581795988742074,0.14371575004499657,0.3525087130255997,0.41673507250700964,0.17366812065742257,-1.7506091536243118
569528.092829874,0.45014194096438587,0.5016037250170484,-11.305503847854373,11.305503847854373,0.08845249300320092,0.45014194096438587,0.4751766770098678,0.22579287437414025,-1.4881371850092444
569893.249861478,0.5743848329875618,0.33194933901540935,4.080308787402616,4.080308787402616,0.24507949081877345,0.33194933901540935,0.4366539426716509,0.19066666565069743,-1.6572285815989587
570008.901088352,0.8092771909432486,0.1544348190072924,4.7445639853817,4.7445639853817,0.21076752322891268,0.1544348190072924,0.35352592056318954,0.1249805765100506,-2.0795969416733846
570174.801013736,0.5042934970697388,0.556232153903693,8.639840863198886,8.639840863198886,0.1157428725637143,0.5042934970697388,0.529626526974175,0.2805042580747265,-1.2711663738325503
570472.027281812,0.30245043709874153,0.5071196759818122,6.508495927497612,6.508495927497612,0.15364532929568572,0.30245043709874153,0.39163575891645963,0.15337856766207128,-1.874846115181196
571207.601476725,0.273724042926915,0.9172472970094532,-4.226361146483078,4.226361146483078,0.23661016305531285,0.273724042926915,0.5010714904095146,0.2510726385012123,-1.382012985298247
572656.219409503,0.7669572370359674,0.5955126509070396,-14.834136397146935,14.834136397146935,0.06741208070544175,0.5955126509070396,0.6758200480598572,0.4567327373596277,-0.7836568789437188
573795.222092921,0.49826139700599015,0.436121279024519,12.017883819224407,12.017883819224407,0.08320932495622482,0.436121279024519,0.4661570526665837,0.21730239775079607,-1.5264653574925675
575874.104126219,0.7975678390357643,0.6449302189284936,-19.18000000904999,19.18000000904999,0.05213764335391839,0.6449302189284936,0.7171998334074409,0.514375601039661,-0.6648015390661178
576121.994702301,0.716126453015022,0.08542832999955863,1.019646961927888,1.019646961927888,0.9807316035240857,0.08542832999955863,0.24734083154542177,0.061177486949580716,-2.7939760174420236
576160.288350733,0.5033349849982187,0.5352025879547,5.391591552885194,5.391591552885194,0.185473990414736,0.5033349849982187,0.5190242639599681,0.2693861865791867,-1.3116092910822108
577379.004961919,0.7472128689987585,0.516880375915207,10.737997023473616,10.737997023473616,0.09312723758574033,0.516880375915207,0.6214657421103424,0.3862196686167586,-0.9513489817067073
577976.586440276,0.9906017250614241,0.5430791740072891,-33.6130374613544,33.6130374613544,0.029750361036241384,0.5430791740072891,0.7334679042852208,0.5379751666165539,-0.6199428785909886
578149.887126058,0.8464807840064168,0.33275240601506084,10.120018856345592,10.120018856345592,0.09881404513124661,0.33275240601506084,0.5307245213136945,0.28166851752365024,-1.2670243692247798
578208.795768369,0.6502219139365479,0.8253327480051666,11.947031486432511,11.947031486432511,0.08370280107955158,0.6502219139365479,0.7325636075061538,0.5366494390424301,-0.6224102113501653
578904.962531467,0.5015214669983834,0.2534873110707849,2.2790654025487056,2.2790654025487056,0.4387763505521554,0.2534873110707849,0.35655199917220437,0.12712932811369562,-2.062550379067537
579104.833732891,0.4376922909868881,0.5799102500313893,5.431517118440994,5.431517118440994,0.18411062290585756,0.4376922909868881,0.5038077469660603,0.2538222459030179,-1.3711210762308743
579501.615617104,0.8518383540213108,0.13419719296507537,-1.4824329702564256,1.4824329702564256,0.6745667561798925,0.13419719296507537,0.338104001706058,0.11431431596965004,-2.16880346694608
579762.594138278,0.6156002620700747,0.6207498989533633,17.42767817034314,17.42767817034314,0.05737999004948981,0.6156002620700747,0.618169718180746,0.3821338004756628,-0.9619844686780399
580673.624221167,0.626089115976356,0.23994579806458205,2.028392376528495,2.028392376528495,0.4930012612803527,0.23994579806458205,0.3875918634240087,0.1502274525924954,-1.8956047827679705
580753.022540047,0.4929479359416291,0.7277690260671079,-7.979991541584823,7.979991541584823,0.125313416034198,0.4929479359416291,0.5989592968157607,0.35875223924203054,-1.025123270138154
580990.875884292,0.48432427493389696,0.500926380045712,8.802271266791061,8.802271266791061,0.11360704182939343,0.48432427493389696,0.4925553834960097,0.24261080581090116,-1.416296741786887
581164.113424983,0.24512145901098847,0.6106710890308022,-4.712044289346386,4.712044289346386,0.21222211392641885,0.24512145901098847,0.3868960949907087,0.14968858831905948,-1.899198220795838
581960.376789358,0.6017497179564089,0.38751524197869003,4.16508766619371,4.16508766619371,0.24009098490689296,0.38751524197869003,0.482894592602243,0.23318718756448625,-1.4559137678484069
582284.26710737,1.1416897949529812,0.45876109006349,-12.859493953391048,12.859493953391048,0.0777635576970974,0.45876109006349,0.7237146225184289,0.523762854846992,-0.64671626418638
582663.159198404,0.5550947880838066,0.5312349329469725,-11.403982659935584,11.403982659935584,0.08768866367301618,0.5312349329469725,0.5430338318437581,0.29488574252691496,-1.2211673111356363
583032.193450778,0.47375624999403954,1.0707106039626524,19.56964300273252,19.56964300273252,0.05109955249875378,0.47375624999403954,0.7122189554920589,0.5072558405621994,-0.6787397861735514
583351.252407554,0.5410949159413576,0.5430564600974321,13.696701953962558,13.696701953962558,0.07301027673385946,0.5410949159413576,0.5420748007681516,0.2938450896278313,-1.2247025565350023
583367.795047635,0.2795643350109458,0.7913310560397804,-6.774707362001497,6.774707362001497,0.1476078517588638,0.2795643350109458,0.4703487434396638,0.2212279404552707,-1.5085617042218566
583371.496115859,0.44654562999494374,0.8416039879666641,-7.522597346548692,7.522597346548692,0.1329328094981439,0.44654562999494374,0.6130371791439987,0.3758145830128311,-0.9786593875059928
583522.03298546,0.5029176250100136,0.17253827000968158,-4.025134766249823,4.025134766249823,0.24843888666408298,0.17253827000968158,0.2945717857782811,0.08677253697660552,-2.444465101657801
583713.990899785,0.9510554709704593,0.7354846160160378,35.98497327454662,35.98497327454662,0.027789377315095398,0.7354846160160378,0.8363531956516099,0.6994866678766601,-0.35740854456265303
583796.433742775,0.7273438449483365,0.2600881770486012,5.407962766862069,5.407962766862069,0.18491251569400924,0.2600881770486012,0.434940840483086,0.1891735347201333,-1.6650905120631958
583937.328653992,0.6695388810476288,0.5814969469793141,-10.890655840077226,10.890655840077226,0.09182183467041861,0.5814969469793141,0.6239669984968294,0.3893348152131423,-0.9433155980711785
585229.638880384,0.22769622702617198,0.6387966569745913,5.475012662395761,5.475012662395761,0.18264797940438354,0.22769622702617198,0.38138115924891497,0.14545158863004626,-1.9279119719276872
585286.080556177,0.8712907009758055,0.944441516068764,-22.97063316376996,22.97063316376996,0.043533845709452755,0.8712907009758055,0.9071290484634509,0.8228831105662059,-0.19494111686569188
586162.193174434,0.568211697973311,0.7010407509515062,16.74364398567227,16.74364398567227,0.059724155676966824,0.568211697973311,0.6311414702320236,0.39833955544664035,-0.9204504830384976
586682.885804525,0.3627384640276432,0.755661390023306,-6.492398128534343,6.492398128534343,0.15402629047115288,0.3627384640276432,0.5235527212631482,0.27410745194204783,-1.2942350890964107
588769.612132431,0.800882805022411,0.39516830595675856,10.73674751463614,10.73674751463614,0.0931380754401478,0.39516830595675856,0.5625686636585824,0.31648350133060316,-1.150484167253948
589903.691994865,0.678029507980682,0.6585804610513151,-20.287301405758445,20.287301405758445,0.0492919181314157,0.6585804610513151,0.6682342298717672,0.44653698597231384,-0.8062330467719082
589928.085085726,0.6979964249767363,0.4086649720557034,-6.135974063595049,6.135974063595049,0.16297330947551347,0.4086649720557034,0.5340849085193279,0.28524668950809884,-1.2544008958880202
590173.02315478,0.3876251910114661,0.83716672193259,5.773098491359476,5.773098491359476,0.173217207621988,0.3876251910114661,0.56965508028768,0.32450691049756314,-1.1254484472325017
591014.055111684,0.5916207029949874,0.2906413939781487,3.9331635012816992,3.9331635012816992,0.2542482659757547,0.2906413939781487,0.4146678982327851,0.17194946582479542,-1.7605546486815546
591062.606310303,0.7089631099952385,0.6016980380518362,-16.94063312316324,16.94063312316324,0.059029671012276484,0.6016980380518362,0.6531322318912635,0.42658171233526315,-0.85195134227618
591314.225753131,0.9450821910286322,0.23971522704232484,-7.710477695383541,7.710477695383541,0.12969365057611482,0.23971522704232484,0.47597331017199523,0.2265505919960864,-1.4847869947799899
591672.870570557,1.0319512699497864,0.5859800910111517,-34.63419467384286,34.63419467384286,0.028873199143713314,0.5859800910111517,0.7776264521505485,0.6047028990842493,-0.5030180174623547
593534.564113907,0.2928052870556712,0.559878256986849,-4.391388516660041,4.391388516660041,0.22771840756202782,0.2928052870556712,0.4048892610989617,0.16393531375326317,-1.8082833572990153
593685.538240159,0.8173799350624904,0.4596553120063618,14.679009187232884,14.679009187232884,0.06812448900636654,0.4596553120063618,0.6129543450199931,0.37571302907888876,-0.9789296475281835
594638.197791266,0.5601350229699165,0.40388950193300843,-9.939328805035254,9.939328805035254,0.10061041541290001,0.40388950193300843,0.4756392072175651,0.2262326554425538,-1.4861913603680947
594698.139231996,0.6924044310580939,0.2271599069936201,-6.775797023623438,6.775797023623438,0.14758411394461135,0.2271599069936201,0.39659365370757893,0.15728652616112704,-1.8496861295407268
594852.101552291,0.2530996019486338,0.5358156940201297,3.1606075955414203,3.1606075955414203,0.3163948607257262,0.2530996019486338,0.3682590648909077,0.1356147388743258,-1.9979372156191162
594969.992090872,0.1384222130291164,0.7450866739964113,-3.2203817744519156,3.2203817744519156,0.31052218961529565,0.1384222130291164,0.32114879154853915,0.10313654631308704,-2.271701476346704
595606.866018334,0.44189220608677715,0.5077178329229355,12.775989572580347,12.775989572580347,0.07827182343246321,0.44189220608677715,0.4736629110030821,0.2243565532599137,-1.4945187370027333
597590.508183724,0.22687517199665308,0.7605887709651142,-5.917374805842838,5.917374805842838,0.1689938583935221,0.22687517199665308,0.4154018635387103,0.17255870823143327,-1.7570177628388914
597901.063882319,0.35837460902985185,0.6041445379378274,-9.825496819225274,9.825496819225274,0.10177602399130882,0.35837460902985185,0.465306417945196,0.2165100625809894,-1.5301182541855503
598174.658193928,0.42124463990330696,0.36408364202361554,2.7430321006343497,2.7430321006343497,0.36456007925271505,0.36408364202361554,0.3916226278944086,0.15336828267892244,-1.8749131736246079
598912.765331915,0.538801079033874,0.31565781799145043,-5.000573253037926,5.000573253037926,0.19997707250713395,0.31565781799145043,0.41240365291698333,0.17007677293927168,-1.771505338349832
599007.957845558,0.47555899096187204,0.09334278106689453,1.4899639347577571,1.4899639347577571,0.6711571848633927,0.09334278106689453,0.21068934187031696,0.0443899987777473,-3.114741087670609
599139.710557102,0.4743092069402337,0.4070386770181358,-6.0191484989531245,6.0191484989531245,0.16613645604090416,0.4070386770181358,0.439388429627447,0.19306219209047393,-1.6447429031742806
599153.043068475,0.7670429149875417,0.4083407250000164,-9.980489251690498,9.980489251690498,0.10019548889656082,0.4083407250000164,0.559656019365591,0.3132148600121387,-1.1608658702306627
599264.399408556,0.7731827140087262,0.16367947799153626,3.1800163879785788,3.1800163879785788,0.31446378823087257,0.16367947799153626,0.35574449120264334,0.12655414302102758,-2.067085054312525
599892.476194992,0.4828418509569019,0.5589380590245128,-13.12558445854292,13.12558445854292,0.07618708356633519,0.4828418509569019,0.5194984956567765,0.26987868698965384,-1.3097827283983245
600459.860630012,0.3978238150011748,0.432435002992861,6.571432927081159,6.571432927081159,0.15217381218013454,0.3978238150011748,0.4147685410330253,0.1720329426306644,-1.7600692935851558
601370.278193681,0.5784521440509707,0.6669572609243914,19.08295555885544,19.08295555885544,0.05240278409263236,0.5784521440509707,0.6211303064350322,0.38580285757207694,-0.9524287716637116
602843.418503415,0.4153790919808671,0.4219495910219848,-6.265808685617766,6.265808685617766,0.1595963187154679,0.4153790919808671,0.41865145166404266,0.17526903798041027,-1.741433125698501
603372.356105854,0.4312235600082204,0.361308548017405,-5.109879907147857,5.109879907147857,0.19569931547729122,0.361308548017405,0.3947211146334414,0.1558047583374664,-1.8591516046930825
603767.294168623,0.4013489660574123,0.38355729600880295,4.4553810698238845,4.4553810698238845,0.2244476924258981,0.38355729600880295,0.39235229600055854,0.15394032417690992,-1.8711902570128465
606195.697329376,0.5909905240405351,0.7019296010257676,-21.922515545078447,21.922515545078447,0.0456152031432587,0.5909905240405351,0.6440758827574451,0.41483374274978213,-0.8798774589010652
606323.784896047,0.3909440189599991,0.5296713530551642,-5.2996451340711825,5.2996451340711825,0.1886918793054736,0.3909440189599991,0.45505147784768973,0.20707184749136648,-1.5746894566080623
606782.907363933,0.4561800160445273,0.32125469495076686,8.265648368272382,8.265648368272382,0.12098264472978201,0.32125469495076686,0.3828184581456601,0.14654997189702054,-1.920388803589017
607664.561410842,0.6859167730435729,0.280907467007637,8.51812712838524,8.51812712838524,0.11739669823283883,0.280907467007637,0.43895232462503525,0.19267914329372232,-1.6467289434946772
609303.513458341,0.8570193840423599,0.6206335000460967,-27.988083429964615,27.988083429964615,0.035729491892588096,0.6206335000460967,0.729311277799514,0.5318949399255598,-0.6313092904854334
609846.978453533,0.854248714982532,0.3649474219419062,12.589272151867226,12.589272151867226,0.07943270968621337,0.3649474219419062,0.5583510242043631,0.3117558662300613,-1.165534877501801
610124.039351149,0.3956131769809872,0.7466326629510149,-9.905009570877933,9.905009570877933,0.10095901400642107,0.3956131769809872,0.543486632611903,0.2953777198278256,-1.2195003354672664
610990.53473489,0.46449909394141287,0.3257592279696837,5.698801149100776,5.698801149100776,0.1754755033271852,0.3257592279696837,0.3889921159033589,0.15131486623497223,-1.8883924063394022
611317.560281324,0.8844551349757239,0.3571673920378089,9.74671128001345,9.74671128001345,0.10259870958223562,0.3571673920378089,0.562048515640534,0.3158985339337276,-1.1523342121037412
611791.769063615,0.6115008159540594,0.3704165290109813,-3.498541381850765,3.498541381850765,0.28583340622685144,0.3704165290109813,0.4759306774448203,0.22651000973308558,-1.4849661419534783
611875.181328939,0.37263861601240933,0.8176831719465554,10.861370501076022,10.861370501076022,0.09206941240987325,0.37263861601240933,0.5519966716664162,0.30470032553080134,-1.188426524626091
613681.034242079,0.485817237989977,1.1672701189527288,22.592289622263447,22.592289622263447,0.04426288865447951,0.485817237989977,0.7530471068783458,0.5670799451778467,-0.567254988407172
615230.272211662,0.3289618110284209,0.3507271580165252,-6.04076044418206,6.04076044418206,0.16554207193617715,0.3289618110284209,0.33967019456815356,0.11537584107796729,-2.1595602962358136
615782.64782965,0.5777746950043365,0.29981905105523765,-4.185048618276465,4.185048618276465,0.2389458501468572,0.29981905105523765,0.4162065121786654,0.17322786077992955,-1.7531474367837034
616567.191977761,0.510496926959604,0.1802968509728089,2.0629384196744986,2.0629384196744986,0.48474544390800833,0.1802968509728089,0.3033825775520286,0.09204098836211264,-2.385521275475055
617024.715093352,0.5849706500303,0.27175685996189713,-4.848752852542442,4.848752852542442,0.20623859998878893,0.27175685996189713,0.39871015414973343,0.15896978702210418,-1.839041113546656
617379.822781698,0.6611115499399602,0.7979764840565622,-24.84811119403419,24.84811119403419,0.04024450760829222,0.6611115499399602,0.7263273849926587,0.5275514701902738,-0.6395088445715068
617628.829775738,0.6113612619228661,0.46333579800557345,7.402671304824256,7.402671304824256,0.13508637069274015,0.46333579800557345,0.5322269799274795,0.2832655581627256,-1.2613704532648171
617774.490640299,0.5346002670703456,0.3538934689713642,-3.991005239777177,3.991005239777177,0.2505634395147603,0.3538934689713642,0.4349615420086497,0.18919154302654237,-1.6649953219545846
618141.784817958,0.5560592350084335,0.800356772961095,-33.06571872698934,33.06571872698934,0.030242802470335138,0.5560592350084335,0.6671175120670757,0.44504577490656494,-0.809578137147561
618593.142967124,0.7875227209879085,0.34910807805135846,-11.923079205875478,11.923079205875478,0.08387095168395912,0.34910807805135846,0.5243381957724089,0.274930543545865,-1.2912367821405955
618607.958685581,0.2522104639792815,0.528152309008874,2.309491160277391,2.309491160277391,0.43299581189126135,0.2522104639792815,0.36497333999465903,0.13320553890685696,-2.0158619383556013
618851.117939486,0.5138398749986663,0.7753134329104796,-13.118285843596404,13.118285843596404,0.07622947174063467,0.5138398749986663,0.6311790217137351,0.3983869574515077,-0.9203314911280844
619417.48058793,0.24887558992486447,0.7011734450934455,6.562188939338135,6.562188939338135,0.15238817553778944,0.24887558992486447,0.41773790202384176,0.1745049547872808,-1.7458021435463111
620722.762625148,0.879183016018942,0.3744942559860647,13.169116145817668,13.169116145817668,0.075935240370523,0.3744942559860647,0.5738022215533833,0.3292489894595981,-1.110941007582597
620748.657964262,0.4690722019877285,0.24240466603077948,2.5755410696135117,2.5755410696135117,0.3882679301052889,0.24240466603077948,0.33720215074515414,0.11370529046715766,-2.174145349253979
621872.429449009,0.3267956880154088,0.5619940030155703,-4.675011601918274,4.675011601918274,0.21390321247324287,0.3267956880154088,0.4285524668882528,0.18365721687600706,-1.6946842105868103
622056.870093529,0.47904371097683907,1.277403348009102,-20.78346579443417,20.78346579443417,0.04811517048652207,0.47904371097683907,0.7822608517908325,0.6119320402445189,-0.49113404798789595
624148.237070664,0.282560727908276,0.5362051920965314,5.407287019996427,5.407287019996427,0.18493562414977202,0.282560727908276,0.38924353480435986,0.1515105293869929,-1.8871001555435458
624615.494070577,0.4792160459328443,0.2734837980242446,-5.5879365713823965,5.5879365713823965,0.1789569346798456,0.2734837980242446,0.3620190938553865,0.13105782431587512,-2.03211664618098
625667.226990442,0.3689889640081674,0.5947138569317758,6.2561548958444675,6.2561548958444675,0.15984258968144013,0.3689889640081674,0.46844727552901555,0.21944284995055743,-1.5166634450576248
625907.759339715,0.7650921780150384,0.1194988019997254,2.163181485545698,2.163181485545698,0.4622820631010225,0.1194988019997254,0.30236996989145226,0.09142759869215773,-2.392207891044855
625931.56456661,0.47254543099552393,0.5503763610031456,7.297715217564078,7.297715217564078,0.13702918929930408,0.47254543099552393,0.5099782688703308,0.2600778347199795,-1.3467743284595493
626066.478410243,0.6112220300128683,0.5372365069342777,-7.416853999938412,7.416853999938412,0.1348280551306934,0.5372365069342777,0.5730364633820362,0.32837078836539163,-1.1136118567445856
626108.701189129,0.6526977310422808,0.9532760709989816,-29.296883390491825,29.296883390491825,0.034133323557704626,0.6526977310422808,0.7887972671085616,0.6222011285979354,-0.47449188063735337
626239.564125146,0.4209737250348553,0.6286216509761289,7.186113950853628,7.186113950853628,0.13915727009605958,0.4209737250348553,0.5144251141312812,0.26463319804898167,-1.3294105701336378
627068.430280643,0.3433076470391825,0.27501721295993775,-3.188722728268019,3.188722728268019,0.3136051909233131,0.27501721295993775,0.3072710729576574,0.09441551227655,-2.360049894367097
627346.651553154,0.6773389560403302,0.3997947770403698,7.0651544736988985,7.0651544736988985,0.1415397219866389,0.3997947770403698,0.5203811842398808,0.2707965769109007,-1.3063873786778966
629174.535918151,1.1019877940416336,0.4955198389943689,-27.63396824431052,27.63396824431052,0.03618734707802551,0.4955198389943689,0.7389565713066432,0.54605681427727,-0.6050322531977496
629728.533733044,0.5474889660254121,0.6708345100050792,-10.922526825243168,10.922526825243168,0.09155390652727805,0.5474889660254121,0.6060317584556479,0.3672744922568448,-1.001645775187034
631136.596981765,0.5295516770565882,0.8946366290329024,12.88157627471721,12.88157627471721,0.07763025104021698,0.5295516770565882,0.6882995912105616,0.4737563272606263,-0.7470621669794342
631655.796913007,0.4041576370364055,0.7284722719341516,11.319634973545302,11.319634973545302,0.08834207130681006,0.4041576370364055,0.5426026465761558,0.29441763207144855,-1.222756002373803
631761.551207089,0.4445204159710556,0.33731788396835327,-3.375568949221749,3.375568949221749,0.296246355812271,0.33731788396835327,0.38722691809336895,0.1499446860960887,-1.8974888122537423
631798.918896913,0.5746342339552939,0.4318754650885239,8.122383378336297,8.122383378336297,0.12311657224493501,0.4318754650885239,0.4981670674033263,0.2481704270452302,-1.393639563007416
631959.990362042,0.5238122779410332,0.4781771160196513,-7.652018125774091,7.652018125774091,0.13068447873009165,0.4781771160196513,0.5004748189484934,0.2504750444015273,-1.3843959865675286
632370.104659456,0.7258994058938697,0.25382515706587583,-3.9853157329140223,3.9853157329140223,0.2509211482897517,0.25382515706587583,0.4292453036610155,0.18425153071503741,-1.6914534401315295
632424.045514462,0.13572641205973923,0.5668649739818648,2.642945893815878,2.642945893815878,0.3783656723128005,0.13572641205973923,0.2773779894672537,0.07693854904089593,-2.564748240155331
632765.590226001,0.5433053090237081,0.4778519170358777,9.214390999029462,9.214390999029462,0.10852589173883857,0.4778519170358777,0.5095286875660181,0.2596194834527489,-1.3485382451473826
632799.285696849,0.4700711249606684,0.5551801479887217,13.310843813767304,13.310843813767304,0.0751267172833707,0.4700711249606684,0.5108562975249388,0.2609741567208888,-1.3433338929569527
632891.204617682,0.6241407300112769,0.4566924769897014,14.58528572915529,14.58528572915529,0.06856224955545764,0.4566924769897014,0.5338917268313965,0.2850403759790105,-1.2551244386459566
633970.522290149,0.6014869479695335,0.37852720299270004,-4.042747706188304,4.042747706188304,0.24735651904997255,0.37852720299270004,0.4771573870868219,0.22767917205152322,-1.479817781103974
634019.686835746,0.9907841919921339,0.15329698100686073,-4.947372257089542,4.947372257089542,0.20212750285103542,0.15329698100686073,0.3897232677961582,0.151884225461716,-1.8846367229513068
634611.345621603,0.6259489899966866,1.023297330015339,-22.82211857408663,22.82211857408663,0.043817141548613714,0.6259489899966866,0.8003323873175491,0.6405319301894075,-0.44545630691382204
634664.587677358,0.8276797509752214,0.1393335770117119,3.7637021681013163,3.7637021681013163,0.26569583759186566,0.1393335770117119,0.33959325718208916,0.11532358032354054,-2.160013359836955
635898.814325994,0.46072609804105014,0.5501443999819458,10.521780944960168,10.521780944960168,0.09504094461109175,0.46072609804105014,0.503453952971686,0.2534658827628166,-1.3725260497703056
637947.467637752,0.9119574759388342,0.5337893920950592,33.4844471214568,33.4844471214568,0.029864611363381328,0.5337893920950592,0.6977056877351187,0.48679322669793484,-0.7199158318974979
638125.131727227,0.8444475090363994,0.5283714249962941,13.141483446619175,13.141483446619175,0.07609490998957683,0.5283714249962941,0.6679685124945137,0.4461819336841333,-0.8070284870814697
638262.705647609,0.4349198709242046,0.8502283099805936,-16.33708141087074,16.33708141087074,0.061210443582327814,0.4349198709242046,0.6080963631143212,0.3697811868328644,-0.9948438352203008
640236.064077498,0.4940539440140128,1.019835400977172,11.91689536544044,11.91689536544044,0.08391447347100547,0.4940539440140128,0.7098265295816183,0.503853702097884,-0.6854693266636183
640926.112169476,0.848678368027322,0.28277069504838437,4.219770502062761,4.219770502062761,0.23697971240643717,0.28277069504838437,0.4898789360644264,0.2399813719996144,-1.4271939753207485
641448.042251653,0.8026499759871513,0.363908156985417,21.279021568560708,21.279021568560708,0.046994641965938805,0.363908156985417,0.5404543213499855,0.2920908734658734,-1.2306903146302315
643962.700882235,0.7729589899536222,0.46115708304569125,-8.712161105061773,8.712161105061773,0.11478208310668167,0.46115708304569125,0.5970389544417987,0.3564555131209562,-1.0315458347939475
644856.099999871,0.4382947100093588,0.9270586799830198,24.750662420312835,24.750662420312835,0.04040295904077708,0.4382947100093588,0.6374362048901966,0.4063249153048167,-0.9006021554348889
645940.588882196,0.3870778479613364,0.5111084840027615,4.121610832530546,4.121610832530546,0.24262358593085068,0.3870778479613364,0.44479070590848685,0.19783877206257006,-1.6203028625079607
646782.973350716,0.35723798908293247,0.4897353498963639,-3.5604326723086897,3.5604326723086897,0.28086474090003516,0.35723798908293247,0.41827272392519615,0.17495207157980336,-1.74324321925653
649066.212037803,0.38735404901672155,0.7095414409413934,7.560814387913733,7.560814387913733,0.1322608847002699,0.38735404901672155,0.5242554244772368,0.27484375009380774,-1.291552524268892
649202.119589103,0.9575359540758654,0.19042854697909206,-3.193439655169069,3.193439655169069,0.313141974792399,0.19042854697909206,0.4270154334621943,0.18234218041490569,-1.7018702449342475
649308.209266539,0.28946706594433635,0.4949599669780582,4.940829322614733,4.940829322614733,0.2023951718839765,0.28946706594433635,0.37851632646564154,0.1432746094010441,-1.9429921447665541
649546.821451718,0.5066697970032692,0.7895205010427162,-10.667017018964264,10.667017018964264,0.09374692083289626,0.5066697970032692,0.6324762382834888,0.4000261919932324,-0.9162252540347946
650663.001803959,0.5323412279831246,0.6211263049626723,12.81801049450792,12.81801049450792,0.07801522712346552,0.5323412279831246,0.5750227299128702,0.3306511399164497,-1.1066914173656703
650857.614144473,0.8065532799810171,0.45228924707043916,-15.369912864017246,15.369912864017246,0.06506217757038274,0.45228924707043916,0.603982926683203,0.36479537572480736,-1.0084186970552667
651989.580439984,1.0811712129507214,0.8487036100123078,56.490254559233676,56.490254559233676,0.017702168414756133,0.8487036100123078,0.9579112231687563,0.9175939114726628,-0.0860003484628968
654765.084871265,0.4660253629554063,0.4574331280309707,-6.522430118529888,6.522430118529888,0.15331708915654788,0.4574331280309707,0.46170925864493984,0.21317543951845996,-1.545639792583146
654780.698378369,0.4438328050309792,0.6420290049863979,25.086687429533686,25.086687429533686,0.03986177939231366,0.4438328050309792,0.5338103916133158,0.28495353419436154,-1.255429149920133
655084.676364632,0.4375293229240924,0.5545392220374197,-5.374271297063924,5.374271297063924,0.18607173786450282,0.4375293229240924,0.4925719950960318,0.24262717035288517,-1.416229292235145
655648.845187436,0.4266800689511001,0.7991419020108879,-11.96631287653908,11.96631287653908,0.08356793026535188,0.4266800689511001,0.5839331484439969,0.34097792185171893,-1.075937549097565
655857.809869867,0.6254364610649645,0.6214264419395477,-11.994410317488018,11.994410317488018,0.08337216866276335,0.6214264419395477,0.6234282273516842,0.38866275465886335,-0.9450432659906436
656787.71571506,0.6916204430162907,0.6459671889897436,-16.709964164433817,16.709964164433817,0.05984453288825368,0.6459671889897436,0.6684041542533039,0.4467641134230744,-0.8057245341196599
657364.841194044,0.5301056599710137,0.8711893210420385,-40.080464842656795,40.080464842656795,0.024949810435724314,0.5301056599710137,0.6795751540416183,0.46182238999068914,-0.7725748990649326
658009.572036544,0.23210092401131988,0.592855541035533,-5.80897957012218,5.80897957012218,0.17214727439280134,0.23210092401131988,0.37094786544685515,0.13760231887957816,-1.9833875013023767
659146.945286414,0.2983618560247123,0.5248155019944534,2.74693216484912,2.74693216484912,0.36404248084332536,0.2983618560247123,0.3957081339138813,0.15658492724560621,-1.8541567500858227
659471.61252639,0.3141765199834481,0.6588714530225843,-4.316911760415768,4.316911760415768,0.2316470790924132,0.3141765199834481,0.45497465888450694,0.20700194022707344,-1.5750271126830455
659845.562005236,0.5193327480228618,0.2961291439132765,-4.524499224489558,4.524499224489558,0.22101893499889314,0.2961291439132765,0.39216012300862435,0.1537895620781394,-1.8721700910658021
659886.030066425,0.1826829540077597,0.9122218689881265,5.190264426641585,5.190264426641585,0.19266841104800136,0.1826829540077597,0.4082246755614248,0.1666473857372305,-1.7918751614967645
660865.560590808,0.33945807500276715,0.5682344499509782,10.344403036644737,10.344403036644737,0.0966706340092831,0.33945807500276715,0.4391944586747598,0.1928917725306153,-1.6456260114543135
661142.191814786,0.5589931190479547,0.2604508779477328,-3.112455492716259,3.112455492716259,0.3212897348541019,0.2604508779477328,0.38156290257673287,0.14559024862278133,-1.9269591192070266
661251.877273451,0.803734852001071,0.3365064380923286,-7.431600252834455,7.431600252834455,0.13456052074633512,0.3365064380923286,0.5200595660283015,0.27046195221754527,-1.3076238478251891
662109.868034765,0.5777959179831669,0.4474896979518235,3.7255309878739515,3.7255309878739515,0.2684181136205419,0.4474896979518235,0.5084857134827722,0.2585577208160839,-1.3526363186013
662240.95837306,0.4786389709915966,1.0568869760027155,21.42829285209346,21.42829285209346,0.046667273352216855,0.4786389709915966,0.7112434847844724,0.50586729464836,-0.6814809076325586
662879.518607899,0.30733447801321745,0.48777700506616384,-3.1821437319696804,3.1821437319696804,0.31425356119317116,0.30733447801321745,0.3871830203390381,0.14991069123886,-1.8977155539428625
662926.13502569,0.3572729319566861,0.6036463989876211,-3.9777188053698556,3.9777188053698556,0.2514003751723265,0.3572729319566861,0.4643990943481726,0.21566651883140292,-1.5340219586299386
662978.453281707,0.40335405606310815,0.62048279796727,-7.587877833949446,7.587877833949446,0.13178915394839796,0.40335405606310815,0.5002741781038518,0.2502742532774844,-1.385197949289134
662994.538624989,0.9104490840109065,0.3981166280573234,17.868363252704068,17.868363252704068,0.05596483493521251,0.3981166280573234,0.6020505953358911,0.36246491934430086,-1.0148275835929532
664192.549743301,0.5536339059472084,0.2446866719983518,5.873458304150419,5.873458304150419,0.17025744428854808,0.2446866719983518,0.36805819913659166,0.13546683795167094,-1.9990284069797544
664685.53048402,0.7119600590085611,0.5359411200042814,15.649601280190343,15.649601280190343,0.06389939156250742,0.5359411200042814,0.6177124504357691,0.3815686714233625,-0.9634644407253897
665000.096130816,0.6586576499976218,0.32954583200626075,-8.471324640288051,8.471324640288051,0.11804529308724461,0.32954583200626075,0.46589471265056737,0.21705788327575476,-1.5275912178050783
665110.424501119,0.577610439970158,0.3053232680540532,4.42547350561838,4.42547350561838,0.22596452079770568,0.3053232680540532,0.4199498865267476,0.17635790719382816,-1.7352397852342307
665727.814917497,0.6185619840398431,0.3905034000054002,-7.41946702508423,7.41946702508423,0.1347805707093425,0.3905034000054002,0.4914779322427863,0.2415505578816448,-1.420676478393642
667361.21050528,0.4558046879246831,0.4012979050166905,7.977308365645409,7.977308365645409,0.12535556533160222,0.4012979050166905,0.42768383925624515,0.18291346636096173,-1.698742099390441
668681.443287939,0.33882161194924265,0.7499042910058051,4.353035520654834,4.353035520654834,0.22972475075268128,0.33882161194924265,0.5040672382591839,0.2540837806862408,-1.3700912211291556
668716.798868606,0.4223865029634908,0.6729841789929196,-7.786335642919692,7.786335642919692,0.12843011730547793,0.4223865029634908,0.5331598577486637,0.28425943391457525,-1.257867958108647
669260.904738703,0.5608094170456752,0.6244045489002019,-14.566323231784546,14.566323231784546,0.06865150416392951,0.5608094170456752,0.5917532856430879,0.35017195106939003,-1.0493309563718074
669765.91965509,0.6882566269487143,0.5394712600391358,-13.083575878965725,13.083575878965725,0.07643170408845838,0.5394712600391358,0.6093395357026395,0.37129466977030834,-0.9907592734897877
670523.042495834,0.4734543369850144,0.5646919490536675,-5.31677495307239,5.31677495307239,0.1880839435233445,0.4734543369850144,0.5170646500583652,0.26735585233997966,-1.319174727645649
670922.58761007,0.6295910220360383,0.341750030987896,-5.640499411167111,5.640499411167111,0.17728926591503424,0.341750030987896,0.46385639080486674,0.21516275129051723,-1.5363605544748145
670985.196126299,0.2065860730363056,0.9779528130311519,-2.7200276367275062,2.7200276367275062,0.3676433233609018,0.2065860730363056,0.4494790665413842,0.20203143125891407,-1.5993319933937484
671377.025823239,1.0363645909819752,0.30102063599042594,15.427689608460312,15.427689608460312,0.06481851951776467,0.30102063599042594,0.5585401760798876,0.31196712829535184,-1.16485745475092
671429.113078584,0.6620501129655167,0.19625126908067614,3.962682299947654,3.962682299947654,0.2523543207118092,0.19625126908067614,0.3604555102429253,0.12992817486448766,-2.0407734822538997
671963.912335573,0.678160737035796,0.6847905339673162,7.7423717452798835,7.7423717452798835,0.12915938847933095,0.678160737035796,0.6814675731319954,0.46439805323041145,-0.7670132211774984
672483.631673215,0.6401891029672697,0.5016820860328153,14.136084986801835,14.136084986801835,0.07074094425250348,0.5016820860328153,0.5667198643351904,0.32117140463209665,-1.135780327547308
672800.528783096,0.8270194500219077,0.25840900000184774,15.55544656246215,15.55544656246215,0.06428616471951146,0.25840900000184774,0.4622869985866348,0.21370926906223928,-1.5431387434177928
673518.797085515,0.40154377499129623,0.6212232219986618,10.780229439127782,10.780229439127782,0.09276240414423954,0.40154377499129623,0.4994480129839328,0.2494483176735987,-1.3885035288405516
673722.363591683,0.8374223449500278,0.4663375490345061,-13.579858949538664,13.579858949538664,0.07363846735933675,0.4663375490345061,0.624917181593469,0.39052148385072466,-0.9402722949526763
674478.89621549,0.5989722809754312,1.0713477650424466,30.146798359774625,30.146798359774625,0.03317101829739627,0.5989722809754312,0.8010665481377964,0.6417076145454046,-0.4436225080884896
674849.834720871,0.5664863860001788,0.8532691610744223,28.88920191686121,28.88920191686121,0.03461500954155293,0.5664863860001788,0.6952448225930589,0.4833653633424539,-0.7269824654469315
675017.683779916,0.12013741198461503,1.0270679719978943,1.785129140826144,1.785129140826144,0.5601835615865907,0.12013741198461503,0.3512681142490933,0.12338928808811409,-2.0924109776959723
675113.780077125,0.56311010196805,0.5390614230418578,13.12223487857069,13.12223487857069,0.07620653107139953,0.5390614230418578,0.5509545651831398,0.30355093289614266,-1.1922058641238322
675443.198153889,0.595122158061713,0.7501955080078915,12.614050047001472,12.614050047001472,0.07927667928015819,0.595122158061713,0.6681751040661867,0.4464579696938595,-0.8064100159208586
676070.434124529,0.10098265297710896,0.8134934690315276,-1.2847926353609953,1.2847926353609953,0.7783357193038583,0.10098265297710896,0.28661599516139236,0.08214872868235529,-2.499223910183364
676307.256408457,0.7932506119832397,0.7483409410342574,-23.880743998887525,23.880743998887525,0.0418747422629121,0.7483409410342574,0.7704686297621326,0.5936219094475381,-0.521512678363442
676770.904657499,0.8376325269928202,0.14234023191966116,8.869401850792547,8.869401850792547,0.11274717470498222,0.14234023191966116,0.34529524780339776,0.11922880815560986,-2.12671087439279
677246.673077885,0.7125421719392762,0.26418556610587984,-4.786098979436389,4.786098979436389,0.20893842862350498,0.26418556610587984,0.4338702076290683,0.18824335706809084,-1.6700197007436703
678216.431395694,0.47233515605330467,0.5423434979747981,8.69474235820347,8.69474235820347,0.11501203357181737,0.47233515605330467,0.5061303199280017,0.2561679007504214,-1.3619221871799287
678452.291455046,0.3778165470575914,0.3052465309156105,-3.6485788097067897,3.6485788097067897,0.2740793202382171,0.3052465309156105,0.339598572305368,0.11532719031184427,-2.159982057203158
678606.224979722,0.6507577770389616,0.9869882919592783,-22.564740384525027,22.564740384525027,0.04431692910970973,0.6507577770389616,0.8014301634196842,0.6422903068389016,-0.44271488616201543
678782.37436692,0.7965406249277294,0.31785359897185117,8.709212980168347,8.709212980168347,0.11482093758380797,0.31785359897185117,0.5031732349405781,0.2531833043605662,-1.3736415294305246
680493.799465829,0.7130758960265666,0.2587363279890269,-5.236388213713248,5.236388213713248,0.19097132588091212,0.2587363279890269,0.4295330475241678,0.184498638915399,-1.6901131926810755
681143.002149637,0.5391824509715661,0.3860560429748148,-7.737047866509789,7.737047866509789,0.12924826332386435,0.3860560429748148,0.4562396776515003,0.2081546434635449,-1.569473997333697
682281.828938914,0.40326088096480817,0.3961907479679212,-5.868430750997075,5.868430750997075,0.17040330582926194,0.3961907479679212,0.39971018257688934,0.1597682300556502,-1.834031076080941
683185.017789224,0.2721701670670882,0.660398161970079,3.6605393846800673,3.6605393846800673,0.2731837838393864,0.2721701670670882,0.42395834473942645,0.17974067807419436,-1.716240144230961
683237.935055126,0.4608331189956516,0.14125399303156883,-2.452032666971038,2.452032666971038,0.40782490929669635,0.14125399303156883,0.2551362737427352,0.0650945181793279,-2.731914939467868
683527.762526852,0.22265133494511247,0.4338694739853963,1.8907245579972256,1.8907245579972256,0.528897768725902,0.22265133494511247,0.31080800757828336,0.09660161757478224,-2.3371597928233006
683782.754931062,0.29262422397732735,0.9600478140637279,-8.292929987370854,8.292929987370854,0.12058464276472622,0.29262422397732735,0.5300313637621153,0.2809332465715278,-1.2696381945544044
685204.429675717,0.6804812250193208,0.6433161849854514,-12.480052828406034,12.480052828406034,0.08012786594331436,0.6433161849854514,0.6616378054749109,0.437764585633656,-0.8260739888197897
685788.49845361,0.36361021001357585,0.4124776660464704,5.003902055077799,5.003902055077799,0.1998440395101723,0.36361021001357585,0.38727392214951256,0.1499810907770667,-1.8972460543185201
686153.319676568,0.4913453090703115,0.23307037795893848,-6.036804738039664,6.036804738039664,0.16565054584235744,0.23307037795893848,0.338405137214802,0.11451803689336894,-2.1670229409409854
687212.016956651,0.4442773290211335,0.18966273101978004,2.295054166422454,2.295054166422454,0.4357195636732212,0.18966273101978004,0.2902806427447782,0.08426285155232155,-2.473814180702438
687615.929645878,0.2269401759840548,0.5898944889195263,3.3720782734685777,3.3720782734685777,0.29655302128303884,0.2269401759840548,0.36588353218944053,0.13387075912742138,-2.0108804285690396
687883.193422472,0.8436897239880636,0.26196494698524475,-8.947273093517916,8.947273093517916,0.11176589666459112,0.26196494698524475,0.4701245939285977,0.22101713381652888,-1.5095150518879907
689229.633596516,0.09373064199462533,0.5712894779862836,1.5439067302473712,1.5439067302473712,0.6477075204146404,0.09373064199462533,0.2314029592214169,0.05354732953642874,-2.92718935193263
689433.756776196,0.37775809795130044,0.286824046052061,-3.7604449852274695,3.7604449852274695,0.2659259752312292,0.286824046052061,0.3291657729523572,0.10835010608332278,-2.222387571920204
689682.773626716,0.29375657194759697,0.2669170879526064,-2.665546136717345,2.665546136717345,0.3751576407645726,0.2669170879526064,0.2800154437726478,0.07840864875119288,-2.545821042006114
689893.239030996,0.483027859008871,0.5743849970167503,6.002985454270742,6.002985454270742,0.1665837786244449,0.483027859008871,0.5267294897343585,0.2774439553558177,-1.2821363288745948
690561.408447618,0.41402011504396796,0.4855033860076219,6.509298544385551,6.509298544385551,0.1536263843455955,0.41402011504396796,0.4483393443911783,0.2010081677291116,-1.6044097362804428
690741.600995608,0.39256765705067664,0.4194351499900222,-10.515585984360824,10.515585984360824,0.09509693530034728,0.39256765705067664,0.4057790952184232,0.16465667411628215,-1.803892735808002
691933.494222037,0.6046567920129746,0.40303256397601217,-5.33081877314651,5.33081877314651,0.18758844420624546,0.40303256397601217,0.49365613255635693,0.24369637721049947,-1.4118321842370192
692730.011247152,0.2684177450137213,0.3422092660330236,-2.236695464379897,2.236695464379897,0.44708813333121356,0.2684177450137213,0.3030759632689218,0.09185503951138484,-2.3875436020718017
693572.066901461,0.49665693601127714,0.4369282010011375,-6.7201336212199365,6.7201336212199365,0.14880656492340183,0.4369282010011375,0.4658362604672852,0.21700342156614438,-1.5278421579800656
694507.383480754,0.1251785409403965,0.6925375229911879,2.3237022195759316,2.3237022195759316,0.43034774059065833,0.1251785409403965,0.2944330767330892,0.08669083667451319,-2.445407090809909
695050.279107417,0.5659457449801266,0.7594382329843938,-11.529138872472874,11.529138872472874,0.08673674686906699,0.5659457449801266,0.6555919741216665,0.42980083653274376,-0.8444333484453657
695441.471091868,0.7782189520075917,0.3855653420323506,6.336462179995736,6.336462179995736,0.15781677087208196,0.3855653420323506,0.5477720843625244,0.30005425640686456,-1.2037919659886254
696715.875650648,0.3099095009965822,0.27470233698841184,3.6905842877792012,3.6905842877792012,0.2709598052837718,0.27470233698841184,0.29177536595585596,0.08513286417867368,-2.4635421348891495
696849.30100086,0.9578394260024652,0.4744698719587177,-27.798132956349015,27.798132956349015,0.03597363900555065,0.4744698719587177,0.6741408975966384,0.4544659498124013,-0.7886322860755974
697078.351317934,0.5609475369565189,0.10378913697786629,3.880338279285921,3.880338279285921,0.25770949026228324,0.10378913697786629,0.24128874973893177,0.058220260750576854,-2.843521861963304
698493.780392119,0.7503582499921322,0.6568097190465778,-10.45150808410289,10.45150808410289,0.09567997191917547,0.6568097190465778,0.7020274861866977,0.4928425913616141,-0.7075654432214462
699467.566985057,0.5109286109218374,0.8992930840468034,-7.981595999018734,7.981595999018734,0.12528822557831054,0.5109286109218374,0.677845532731203,0.4594745662436484,-0.7776716896570561
699532.249254005,0.9164007660001516,0.7087865039939061,36.86328726003353,36.86328726003353,0.02712726059794946,0.7087865039939061,0.8059357885033925,0.6495324951905851,-0.4315024130366447
699741.802075412,0.33869999600574374,1.07821949000936,17.161409101517222,17.161409101517222,0.058270273383995666,0.33869999600574374,0.6043119533481737,0.3651929369594853,-1.0073294706469094
701580.075498052,0.716345978085883,0.7469340489478782,23.85537278014924,23.85537278014924,0.041919277858953836,0.716345978085883,0.7314801445420215,0.5350632018592166,-0.6253704047471467
702320.09139952,0.659444232005626,0.2531588329002261,3.077294619972387,3.077294619972387,0.3249607605036443,0.2531588329002261,0.4085879735593428,0.1669441321373302,-1.7900960606355545
702612.565366036,0.3825665540061891,0.5574409639229998,6.255213625049633,6.255213625049633,0.1598666424429374,0.3825665540061891,0.46179894827718093,0.21325826862991043,-1.545251319013119
703488.264504613,0.38417634600773454,0.6559452170040458,6.656444109827653,6.656444109827653,0.1502303607602726,0.38417634600773454,0.5019946579893703,0.2519986366498648,-1.3783316016049325
703531.251682115,0.8495655870065093,0.19123935094103217,-9.190746851925345,9.190746851925345,0.10880508582286898,0.19123935094103217,0.4030761360350695,0.16247037144096182,-1.8172596234304872
703968.987390282,0.8543131139595062,0.10757913207635283,-1.6233930108587167,1.6233930108587167,0.6159937817343663,0.10757913207635283,0.30316045804360764,0.09190626332120998,-2.3869860982844178
704476.371379178,0.5434007319854572,0.4800440779654309,5.553704437939068,5.553704437939068,0.1800599962015788,0.4800440779654309,0.5107409356529973,0.26085630335169907,-1.3437855851451668
704729.408732785,0.289377634995617,0.5118420689832419,-3.728071867362599,3.728071867362599,0.2682351723834776,0.289377634995617,0.3848579574513615,0.14811564741363398,-1.909761908909712
706512.223558451,0.9981294330209494,0.276482640998438,8.50414685768352,8.50414685768352,0.1175896908572901,0.276482640998438,0.5253241491687828,0.2759654616999056,-1.287479559863954
706890.603879573,0.4794082191074267,0.7445482509210706,-8.729663875399678,8.729663875399678,0.11455194773512584,0.4794082191074267,0.5974466930309514,0.35694255101361994,-1.0301804316822332
707048.602980385,0.59731144097168,0.4441960620461032,-20.33626297597387,20.33626297597387,0.049173242949377804,0.4441960620461032,0.5150955153121639,0.26532338989470367,-1.3268058577792967
707182.249869138,0.44142114801798016,0.5640391629422083,-8.1414846154784,8.1414846154784,0.12282772089243076,0.44142114801798016,0.49897776987862913,0.24897881483305018,-1.3903874671287886
707789.87958496,0.36237113806419075,0.519119348959066,7.456355625616403,7.456355625616403,0.1341137749069381,0.36237113806419075,0.43372095784437087,0.1881138692734385,-1.670707811882231
707930.516179117,0.17392331606242806,0.6848892819834873,2.4667676720736225,2.4667676720736225,0.40538880548867284,0.17392331606242806,0.3451350678476232,0.11911821505818347,-2.127638875119394
708339.852064336,0.4026333709480241,0.49310331605374813,5.9699117036286315,5.9699117036286315,0.16750666503026837,0.4026333709480241,0.4455781080443355,0.19853985036836955,-1.6167654414807147
708829.917935797,0.6127503530588001,0.22985109500586987,-2.411002956268392,2.411002956268392,0.41476514883571153,0.22985109500586987,0.37528834196627875,0.14084133961579856,-1.9601212731259323
709902.900606258,0.4106142319506034,0.4999035500222817,14.374093090802527,14.374093090802527,0.06956960649154725,0.4106142319506034,0.45306457844525794,0.20526751224177928,-1.5834412127702513
710022.966768225,0.23701547598466277,0.6595624400069937,7.800499695701835,7.800499695701835,0.12819691545543058,0.23701547598466277,0.3953814685336975,0.1563265056598632,-1.8558084739752023
710868.235122652,0.3034346189815551,1.1236773219425231,9.659762254729376,9.659762254729376,0.10352221655459527,0.3034346189815551,0.5839200288068939,0.34096260004184376,-1.0759824850102606
713408.019626005,0.4585077279480174,0.6268772600451484,7.945151906416967,7.945151906416967,0.12586291763563914,0.4585077279480174,0.5361231837978838,0.2874280682055795,-1.24678264759517
713560.188839689,0.3749667960219085,0.48166224895976484,3.287280087127723,3.287280087127723,0.3042028587450712,0.3749667960219085,0.4249792350893745,0.18060735025714986,-1.7114299397291552
713816.068210856,0.6009860810590908,0.6653477069921792,8.728557651533421,8.728557651533421,0.11456646560893384,0.6009860810590908,0.6323485676166919,0.399864710966882,-0.9166290116671081
713881.545067655,0.32595468300860375,1.1146268909797072,16.175257966952053,16.175257966952053,0.061822816182784665,0.32595468300860375,0.6027585378260154,0.363317854922156,-1.0124771944661919
714674.472595164,0.6027692370116711,0.3202268020249903,4.789185912582021,4.789185912582021,0.20880375459487316,0.3202268020249903,0.4393436754151479,0.19302286512729086,-1.644946624932395
714755.814348143,0.5518482229672372,0.35510914504993707,-6.398075808313884,6.398075808313884,0.15629699146430323,0.35510914504993707,0.44268086773117116,0.19596635065522267,-1.6298123148208714
714856.192645464,0.22044897498562932,0.5482935030013323,-2.937331841762066,2.937331841762066,0.34044502081185124,0.22044897498562932,0.3476646958319521,0.12087074072792378,-2.1130335628270442
715168.898563466,0.27742536505684257,0.8410570590058342,-13.07589489665445,13.07589489665445,0.07647660125012601,0.27742536505684257,0.48304302254388054,0.2333305616283279,-1.4552991114131322
715913.532275158,0.46388759498950094,0.809562255977653,27.687376912000897,27.687376912000897,0.036117542054572786,0.46388759498950094,0.6128179892266122,0.3755458879197482,-0.9793746103981513
716471.82757888,0.22167126706335694,0.5451618779916316,-4.194600829169843,4.194600829169843,0.23840170751072653,0.22167126706335694,0.34763015440126044,0.12084672424904419,-2.113232278124352
716656.93011292,0.4599032859550789,0.9604269419796765,26.00163481284744,26.00163481284744,0.038459120251388916,0.4599032859550789,0.664607783987098,0.44170350653624113,-0.8171164216829787
717868.063430443,0.6271636730525643,0.934783931938,-17.90823116824938,17.90823116824938,0.05584024410925421,0.6271636730525643,0.7656778201467993,0.5862625242647543,-0.5339875960984478
719522.305703599,0.42053809098433703,0.8773655820405111,-19.947448486781624,19.947448486781624,0.05013172490018761,0.42053809098433703,0.6074254250248983,0.3689656469666783,-0.9970517369267435
719523.891469145,0.4669928699731827,0.6456145599950105,7.091807814748206,7.091807814748206,0.14100776926306272,0.4669928699731827,0.5490877855758071,0.3014973962685435,-1.1989938987774158
719718.260390165,0.36418263299856335,0.9072596590267494,-6.254975207345943,6.254975207345943,0.15987273599831123,0.36418263299856335,0.5748114572951207,0.3304082114377404,-1.10742638462435
719940.008947235,0.525667657959275,0.4430613830918446,-8.908524298767137,8.908524298767137,0.11225203708973341,0.4430613830918446,0.48260028966224944,0.23290303958208705,-1.4571330511590275
720633.867697666,0.3024452771060169,0.45270018791779876,3.622122478864403,3.622122478864403,0.2760812219451831,0.3024452771060169,0.3700230179066494,0.13691703378074455,-1.9883801294407033
721572.295846899,0.47788566700182855,0.29446129698771983,4.106318616055087,4.106318616055087,0.2435271330602917,0.29446129698771983,0.37512509022618046,0.14071883331720003,-1.9609914693973225
721673.335403246,0.6995383800240234,0.46374531905166805,-6.642387315817387,6.642387315817387,0.15054828218443686,0.46374531905166805,0.5695679496189437,0.3244076492331277,-1.1257543773853116
723612.635030495,0.2058008910389617,0.6765524010406807,2.807103765470959,2.807103765470959,0.356239057601145,0.2058008910389617,0.37314218063456867,0.13923508696872106,-1.9715915012870906
723930.635626445,0.6942898159613833,0.7525046101072803,16.880887272813197,16.880887272813197,0.05923859237011243,0.6942898159613833,0.7228113773741225,0.5224562872614761,-0.6492139593865125
725046.415564899,0.4575870590051636,0.6772223240695894,8.036710522670658,8.036710522670658,0.12442901821324935,0.4575870590051636,0.5566760023241932,0.30988817156364523,-1.1715437834756166
725049.274865429,0.5962754030479118,0.18546053301542997,-3.595533019862641,3.595533019862641,0.2781228803840057,0.18546053301542997,0.33254406335590486,0.11058555407325607,-2.201965812590534
725071.322898974,0.10336274094879627,0.738080429029651,2.4007253085142355,2.4007253085142355,0.4165407830931234,0.10336274094879627,0.2762064738292139,0.07629001618516823,-2.5732131987268136
725894.087058494,0.7201612000353634,0.5241584819741547,24.230792838229906,24.230792838229906,0.04126980106165818,0.5241584819741547,0.614392872181328,0.37747860138722167,-0.9742413969666792
726827.847034339,0.20644888596143574,0.791606392012909,-9.197734208681162,9.197734208681162,0.10872242851464038,0.20644888596143574,0.40426013623781487,0.16342625775101666,-1.8113934133158252
728156.297357553,0.6087791220052168,0.5121729279635474,10.769431228201993,10.769431228201993,0.09285541444206377,0.5121729279635474,0.5583907103458021,0.31180018540048954,-1.165392727745137
728243.194997804,0.5740637360140681,0.4204593689646572,-12.738153010225714,12.738153010225714,0.07850431685011455,0.4204593689646572,0.4912946938345341,0.24137047618996862,-1.4214222802424659
728323.679661251,1.1421783639816567,0.3172188049647957,25.333907319779488,25.333907319779488,0.039472789861327406,0.3172188049647957,0.6019306070295035,0.3623204556789066,-1.0152262220652117
728588.603594706,0.6454009970184416,0.44257566693704575,8.459859055459136,8.459859055459136,0.11820527900576562,0.44257566693704575,0.5344518469397136,0.28563877669727106,-1.2530272849834447
728833.355793367,0.46215055603533983,0.08333475701510906,1.1362286986661878,1.1362286986661878,0.8801045081627441,0.08333475701510906,0.19624781346960937,0.03851320429160259,-3.2567541278756353
729305.977824073,0.5614421140635386,0.7181825949810445,12.067445502819306,12.067445502819306,0.08286757953589854,0.5614421140635386,0.6349944522669436,0.40321795440979574,-0.9082780334301999
730072.701838492,0.4195001689950004,0.9323303870623931,-31.04777342553056,31.04777342553056,0.03220842880725549,0.4195001689950004,0.6253900822141714,0.39111275493184805,-0.9387593847842981
730569.383911093,0.4142895069671795,0.487861230969429,-8.746699134428908,8.746699134428908,0.11432884390224224,0.4142895069671795,0.44957289603214073,0.202115788846726,-1.5989145336917368
730832.973656313,0.28436945006251335,1.31935236195568,-19.191726421730007,19.191726421730007,0.05210578652620542,0.28436945006251335,0.6125222490718315,0.3751835056080148,-0.9803400244155145
730962.951534496,0.6561174880480394,0.43609905696939677,-9.66336837633666,9.66336837633666,0.1034835847144943,0.43609905696939677,0.5349132806342346,0.28613221779887943,-1.2513012749939227
731718.515470178,0.7257677420275286,0.25419592298567295,3.719362569583443,3.719362569583443,0.2688632746314907,0.25419592298567295,0.429519733025056,0.1844872010579154,-1.6901751888676395
731735.268040836,0.6835052439710125,0.48732911597471684,-8.077770513234228,8.077770513234228,0.12379653499213038,0.48732911597471684,0.5771412360146143,0.3330920063084767,-1.0993365319435378
733208.786720028,0.5500575670739636,0.1981821620138362,-7.01764821385124,7.01764821385124,0.14249788098899396,0.1981821620138362,0.33016904439209444,0.10901159787478883,-2.2163009998923417
733385.508946049,0.7119842120446265,0.24980849400162697,-5.520893494900646,5.520893494900646,0.18113010166264693,0.24980849400162697,0.4217341624338763,0.17785970376380317,-1.7267602205703165
734126.722285595,0.4085421459749341,0.6549759110203013,8.437365350516668,8.437365350516668,0.1185204099214175,0.4085421459749341,0.5172864431338998,0.26758526425012136,-1.31831701857416
734785.26278836,0.5472603950183839,0.45998119201976806,-21.935141358755757,21.935141358755757,0.04558894714397791,0.45998119201976806,0.5017265080158366,0.25172948884576535,-1.3794002249995367
735556.834343098,0.9192712879739702,0.5674624500097707,37.8625157551245,37.8625157551245,0.0264113458933234,0.5674624500097707,0.7222547592763557,0.5216519372973466,-0.6507547002873685
735666.845124264,0.6814500470645726,0.7018649539677426,35.31831715368323,35.31831715368323,0.02831391981811096,0.6814500470645726,0.6915821758217112,0.47828590591429226,-0.7375465957710423
735712.56024628,0.582215870032087,0.7416012809844688,-26.30034057732798,26.30034057732798,0.03802232131024352,0.582215870032087,0.6570936272901166,0.43177203502528266,-0.8398575267196662
736080.65814487,0.4822404549922794,0.5866926410235465,-11.63107121092502,11.63107121092502,0.0859766036906991,0.4822404549922794,0.5319087573520642,0.2829269261478171,-1.2625666261730388
736137.949045566,0.46869676804635674,0.4366911540273577,-8.462158696040072,8.462158696040072,0.11817315603735452,0.4366911540273577,0.45241102166841196,0.20467573252705631,-1.5863283447493286
736148.091385404,0.20015130494721234,0.7393046040087938,6.114322509805536,6.114322509805536,0.16355041762947578,0.20015130494721234,0.38467230371556793,0.14797278124584215,-1.9107269326326985
736527.716866622,0.6754381459904835,0.4337431420572102,-9.59820072732029,9.59820072732029,0.10418619368457288,0.4337431420572102,0.5412639501271159,0.292966663707209,-1.2276964521813347
737002.750413384,0.33201606303919107,0.5724874469451606,3.3926302848480185,3.3926302848480185,0.29475655053429956,0.33201606303919107,0.43597594919225763,0.19007502827409,-1.6603363991153657
737453.556386058,0.4693780279485509,0.3463805209612474,-4.187491679961932,4.187491679961932,0.2388064446277517,0.3463805209612474,0.4032163263666068,0.162583405848582,-1.8165641421281693
738289.052526896,1.054266432998702,0.10570558800827712,-1.3671731881904559,1.3671731881904559,0.7314362281515819,0.10570558800827712,0.33382907784900445,0.11144185321751668,-2.194252319915221
738866.624971557,0.22363054589368403,0.7751940300222486,-6.351426732460963,6.351426732460963,0.15744493987298722,0.22363054589368403,0.41636169865562844,0.17335706410740034,-1.7524018571339361
739569.024359231,0.44214445701800287,0.5571011019637808,4.802289017536059,4.802289017536059,0.2082340309690641,0.44214445701800287,0.4963055150125847,0.24631916423190692,-1.4011271683892397
740047.137746779,0.8131547860102728,0.2837556899758056,8.32202782908749,8.32202782908749,0.12016302042451231,0.2837556899758056,0.480351222920764,0.2307372973614735,-1.4664754564688411
740116.151669362,0.6904798839241266,0.9008537930203602,-46.812507109313465,46.812507109313465,0.0213618125101667,0.6904798839241266,0.788683347381766,0.6220214224373075,-0.4747807456185066
740418.607221076,0.14861912105698138,0.5744088999927044,-3.5218963688289127,3.5218963688289127,0.2839379400401029,0.14861912105698138,0.29217827750232095,0.08536814584422325,-2.460782247251386
740420.703274626,0.2582498280098662,0.6166925259167328,-4.358838332880374,4.358838332880374,0.22941892394967253,0.2582498280098662,0.3990748535713146,0.1592607387529662,-1.8372125535037565
741414.22077638,0.5357716340804473,0.6710396469570696,-22.46568041933138,22.46568041933138,0.04451233977046674,0.5357716340804473,0.5996032089498484,0.3595240081829556,-1.022974321900779
741654.86659022,0.46253736200742424,0.9677537949755788,-16.911862455279838,16.911862455279838,0.05913009301277771,0.46253736200742424,0.669045803664202,0.4476222874006779,-0.8038055106636325
742851.743675104,0.7776498600142077,0.17044022399932146,-3.43731467404699,3.43731467404699,0.29092477553782714,0.17044022399932146,0.364064302471229,0.13254281633386253,-2.0208495436126785
743398.692271895,0.3493408029899001,0.39679898496251553,10.380951732848084,10.380951732848084,0.0963302812434562,0.3493408029899001,0.3723144853915604,0.13861807603238246,-1.9760327820260557
743431.050818864,0.2684975890442729,0.7705446230247617,-4.703880236743931,4.703880236743931,0.21259044653998443,0.2684975890442729,0.45485093550874073,0.20688937353317663,-1.5755710559499363
743598.555070337,0.2980664990609512,0.7361951669445261,11.22616877296031,11.22616877296031,0.08907758472406278,0.2980664990609512,0.4684390206171422,0.2194351160367474,-1.5166986890863081
744517.539601191,0.8391118929721415,0.37900176306720823,6.409266495967425,6.409266495967425,0.1560240942749344,0.37900176306720823,0.5639369529008577,0.31802488684710417,-1.1456256387386707
744543.962823446,0.9726158110424876,0.4629031129879877,-10.950727599061759,10.950727599061759,0.09131813306046244,0.4629031129879877,0.6709894832804043,0.45022688667290395,-0.7980036306737031
744554.711012083,0.16626842296682298,0.7222944230306894,3.2066018854051035,3.2066018854051035,0.3118566119952449,0.16626842296682298,0.34654690106108876,0.12009475463504403,-2.1194742258287964
744846.334244544,0.31769201101269573,0.7192784649087116,12.526466878845243,12.526466878845243,0.07983096987138527,0.31769201101269573,0.4780261729183594,0.22850902199497328,-1.4761795858607105
744940.500913142,0.2746859210310504,0.8896052360069007,-6.048279389181299,6.048279389181299,0.16533627758478284,0.2746859210310504,0.4943298833841633,0.24436203360660044,-1.4091044090605378
745741.846529123,0.7297550539951771,0.4427417549304664,-7.507642559734113,7.507642559734113,0.1331976039140861,0.4427417549304664,0.5684127314506616,0.323093033275202,-1.129814968515992
746200.639983828,0.34272042696829885,0.5694448400754482,10.229627988261873,10.229627988261873,0.09775526550403042,0.34272042696829885,0.4417695991413989,0.19516037872555225,-1.6339336034463434
747664.556528534,0.46316992898937315,0.2907926969928667,-5.498953347367935,5.498953347367935,0.18185278849085862,0.2907926969928667,0.36699650245855797,0.13468643281681436,-2.0048059221173027
747775.36421767,0.7519336510449648,0.6822757709305733,-31.206145546667667,31.206145546667667,0.03204497006862113,0.6822757709305733,0.7162584110887243,0.513026111455344,-0.6674285355836165
748597.3461504,0.359776342054829,0.49101039697416127,6.783635186772386,6.783635186772386,0.14741358762185944,0.359776342054829,0.42030218240481837,0.17665392453425321,-1.733562688983044
748719.273170925,0.8168717429507524,0.337235304992646,13.23703381481346,13.23703381481346,0.07554562555252431,0.337235304992646,0.5248599731108016,0.2754779913738713,-1.2892475397004834
749016.981593473,0.3666012870380655,0.6837324439547956,-9.519877808610236,9.519877808610236,0.10504336506247505,0.3666012870380655,0.5006567626063889,0.25065719394351005,-1.3836690345334473
749192.348901653,0.4078847059281543,0.720447079045698,-10.900407391664329,10.900407391664329,0.09173969046007509,0.4078847059281543,0.5420879494817721,0.29385934497335225,-1.2246540445800653
749687.57330428,0.8364014810649678,0.4937381949275732,12.217894428581213,12.217894428581213,0.08184716326085686,0.4937381949275732,0.6426222510120281,0.412963357495766,-0.8843964127277445
749713.94646136,0.44311551796272397,0.555855936021544,-10.189823959913133,10.189823959913133,0.09813712228336915,0.44311551796272397,0.4962946614692135,0.24630839100284124,-1.4011709062149171
751340.949700601,0.8118627200601622,0.2558539289748296,6.249265067628271,6.249265067628271,0.16001881648133084,0.2558539289748296,0.4557611948329791,0.20771826671558474,-1.5715726043717364
751642.251964519,0.18670962704345584,0.424322766950354,-1.889500447312384,1.889500447312384,0.5292404145351726,0.18670962704345584,0.2814696174782419,0.07922514556334782,-2.535461536065751
751673.522395065,1.0183833800256252,0.3726304229348898,-23.1078598045894,23.1078598045894,0.04327531880738658,0.3726304229348898,0.6160199912412027,0.37948062960881135,-0.9689517253231481
751722.859193254,0.44533168501220644,0.28906864393502474,-3.1282741155704468,3.1282741155704468,0.3196650814654227,0.28906864393502474,0.3587916195896695,0.1287314262877781,-2.0500270116875323
751945.358190844,0.8148843320086598,0.5121556180529296,-21.988836800667197,21.988836800667197,0.04547762162524475,0.5121556180529296,0.6460244489967418,0.41734758870154387,-0.8738358583430454
752012.706938958,0.874367909040302,0.44714369100984186,14.284866574875295,14.284866574875295,0.07000415402961017,0.44714369100984186,0.6252744150761634,0.3909680941488383,-0.939129322968642
752159.459337718,0.46624800900463015,0.33976059104315937,4.049565676344858,4.049565676344858,0.24694006220010267,0.33976059104315937,0.39801092838276364,0.15841269911210942,-1.8425516316530406
753437.426037744,0.3556136750848964,0.5375284729525447,5.529105716759232,5.529105716759232,0.1808610743268857,0.3556136750848964,0.437209876065748,0.19115247572942673,-1.6546838671609585
753607.279449069,0.5742305980529636,0.5865191619377583,12.587646229767154,12.587646229767154,0.07944296985684336,0.5742305980529636,0.580342355105193,0.33679724912904196,-1.0882741643164362
754805.797729251,0.33052333898376673,0.3993998310761526,-2.714956908074651,2.714956908074651,0.3683299712882602,0.33052333898376673,0.3633331333044681,0.13201096575684237,-2.0248702859307404
755235.818165343,0.567614593077451,0.6446781780105084,16.449134128215988,16.449134128215988,0.060793473516922214,0.567614593077451,0.6049204424363152,0.36592874167734724,-1.0053166594069136
755706.422187296,0.44372106494847685,0.8523621470667422,25.677985932623645,25.677985932623645,0.03894386431334201,0.44372106494847685,0.614988649991384,0.3782110396182251,-0.9723029332889657
755790.917704665,0.44641654298175126,0.5927779839839786,-10.764725377161016,10.764725377161016,0.09289600662936097,0.44641654298175126,0.5144180190913025,0.2646258983658197,-1.3294381546691212
756769.565231564,0.35357697994913906,0.4321336590219289,-8.334831551138658,8.334831551138658,0.11997842954167269,0.35357697994913906,0.3908868302863946,0.15279251409134464,-1.8786743949986335
758419.646540672,0.5724949900759384,0.21491808898281306,-4.598280936778636,4.598280936778636,0.2174725758927984,0.21491808898281306,0.35076990922733836,0.12303952921935521,-2.0952495994727345
759051.053016542,0.8233556679915637,0.7811517950613052,30.169258746325944,30.169258746325944,0.03314632316320272,0.7811517950613052,0.8019761580156296,0.64316575802551,-0.44135279943515204
759521.883919384,0.2100309479283169,0.6804528330685571,-6.60424308808489,6.60424308808489,0.15141780619858766,0.2100309479283169,0.37804252875820443,0.1429161535498978,-1.945497159497957
759655.76605676,0.4811745919287205,0.5268566650338471,5.464679491161939,5.464679491161939,0.18299334876222959,0.4811745919287205,0.5034978061546921,0.25351004080258793,-1.3723518480465926
759680.737781462,0.9236292010173202,0.5681180249666795,17.67597970390696,17.67597970390696,0.056573950454297466,0.5681180249666795,0.7243827700073436,0.5247303974835121,-0.6448706768943189
759713.138013574,0.29205165593884885,0.34806839108932763,-4.7822460750579685,4.7822460750579685,0.20910676370577153,0.29205165593884885,0.3188321658766709,0.101653949997609,-2.2861808808569712
759966.633077388,0.6792453530943021,0.2189304819330573,-7.553230348049621,7.553230348049621,0.13239368507518348,0.2189304819330573,0.38562613047318933,0.14870751250372524,-1.9057739055835377
761233.092907822,0.6261639499571174,0.39684642397332937,7.002721055094795,7.002721055094795,0.14280163269854296,0.39684642397332937,0.4984886401529094,0.2484909243614968,-1.3923489557965039
761571.163696629,0.3835541559383273,0.40252853103447706,5.510528007556975,5.510528007556975,0.1814708134372295,0.3835541559383273,0.39292682647284805,0.15439149096202365,-1.8682637532596802
761978.935347019,0.5489282170310616,0.8712487859884277,18.160072361835677,18.160072361835677,0.05506585987518151,0.5489282170310616,0.6915584159585542,0.47825304268310465,-0.7376153085636552
762522.327487215,0.7016882500611246,0.614945723908022,15.42893410767655,15.42893410767655,0.06481329125013617,0.614945723908022,0.6568867397745151,0.4315001888915914,-0.8404873307030343
762576.72855839,0.8111920410301536,0.499775918899104,-16.710242882754503,16.710242882754503,0.059843534711995806,0.499775918899104,0.6367214836248929,0.4054142477094847,-0.9028459007631422
762996.743502752,0.2849097710568458,0.6689445049269125,9.054411381389144,9.054411381389144,0.11044340243424837,0.2849097710568458,0.43656480131643877,0.19058882574846167,-1.6576369161938609
763356.323869617,0.5011287159286439,0.3180310670286417,4.6542405566691585,4.6542405566691585,0.21485782434839537,0.3180310670286417,0.3992173596494517,0.1593745002454797,-1.8364984987889998
764443.056439815,0.545284595922567,0.4642736720852554,-7.530707135876071,7.530707135876071,0.13278965467081158,0.4642736720852554,0.5031513506694529,0.25316128168049484,-1.3737285163587645
765240.440556341,0.6433620569296181,0.6199859560001642,-15.321624935457045,15.321624935457045,0.06526722878366621,0.6199859560001642,0.6315658634851485,0.39887543991974134,-0.9191060914830746
765700.106294106,0.5163603549590334,0.3336551960092038,-4.814162163949193,4.814162163949193,0.20772046431848315,0.3336551960092038,0.4150738674564304,0.17228631544523834,-1.7585975614391034
765862.314963506,0.2381514199078083,0.36149209807626903,2.5896907441689803,2.5896907441689803,0.3861464934574245,0.2381514199078083,0.29341072993726075,0.08608985644231616,-2.4523636858439675
766575.456267501,0.4205016059568152,0.30947673495393246,-7.067034353329476,7.067034353329476,0.14150207144937285,0.30947673495393246,0.3607429334781213,0.13013546405440024,-2.039179339876497
768069.79228886,0.8060615479480475,0.5598776540718973,-14.691488749354415,14.691488749354415,0.06806662122951582,0.5598776540718973,0.6717855673521983,0.451295848502715,-0.7956321711661988
768533.411875028,0.44275320507586,1.260926818009466,21.340398452294647,21.340398452294647,0.04685948119644758,0.44275320507586,0.7471809620431965,0.5582793900397967,-0.582895742912691
768635.376485714,0.6148325059330091,0.3779935200000182,-9.370779921928845,9.370779921928845,0.1067147034005003,0.3779935200000182,0.48208163533581133,0.23240270312805017,-1.4592836227120842
769367.02353114,0.38565567194018513,0.9213107300456613,9.529272990363035,9.529272990363035,0.10493979981592522,0.38565567194018513,0.5960777706486479,0.355308708661462,-1.0347682655280914
769833.273329476,0.27641784597653896,0.8546555549837649,-9.583130275940897,9.583130275940897,0.10435003711788916,0.27641784597653896,0.48604737172470724,0.23624204756049574,-1.442898374294428
770810.057750592,0.9148428780026734,0.15590592904482037,10.868070015221244,10.868070015221244,0.09201265713226478,0.15590592904482037,0.377663115521021,0.14262942882504406,-1.9475054190468173
771059.997596125,0.8295179120032117,0.07980675797443837,1.6994965547621677,1.6994965547621677,0.588409548226441,0.07980675797443837,0.2572958127111706,0.06620113523870177,-2.7150576675653375
771351.778279581,0.33608293894212693,0.4152939839987084,-4.763856368420536,4.763856368420536,0.20991396941120447,0.33608293894212693,0.37359499818288594,0.13957322266727057,-1.9691659217570239
771590.352835577,0.48581757897045463,0.45610725006554276,-11.352811304913587,11.352811304913587,0.0880839091870744,0.45610725006554276,0.4707280743462341,0.2215849199777137,-1.5069493770666444
771972.397598871,0.6653093980858102,0.7449001199565828,19.467714247222037,19.467714247222037,0.05136709874107053,0.6653093980858102,0.7039808594289776,0.49558905044236196,-0.7020082230096296
772244.847214099,0.5254234799649566,0.3747269809246063,5.293920764324129,5.293920764324129,0.1888959137316573,0.3747269809246063,0.4437232857921348,0.19689035435416857,-1.6251082820729503
772627.05985386,0.4315133038908243,0.34886022901628166,-3.019596233617338,3.019596233617338,0.33117010442222133,0.34886022901628166,0.3879920489119916,0.15053783001892532,-1.893540864127409
772979.889725992,0.6334420919883996,0.34841251897159964,-7.101846347503152,7.101846347503152,0.1408084533329248,0.34841251897159964,0.4697862864029963,0.22069915489231806,-1.5109547949414672
773686.54703375,0.21270875097252429,0.6477165520191193,3.2077037066778,3.2077037066778,0.3117494916747452,0.21270875097252429,0.37118052045361555,0.1377749787642169,-1.9821335133466411
773765.219323972,0.6179438800318167,0.7637445570435375,24.250183295130395,24.250183295130395,0.041236801711136216,0.6179438800318167,0.6869870995387503,0.4719512749326647,-0.7508795298001387
774068.995499803,0.5788581159431487,0.5284846919821575,-7.537145829521506,7.537145829521506,0.13267621757870177,0.5284846919821575,0.553098230973113,0.305917653105587,-1.1844393207437582
774411.090700399,0.4593395839910954,0.7415480279596522,-6.312302877000805,6.312302877000805,0.15842078865441495,0.4593395839910954,0.5836286170780215,0.34062236267240387,-1.076980856207729
775617.264265295,0.6676511960104108,0.3006347429472953,-4.07490856083159,4.07490856083159,0.24540427964742462,0.3006347429472953,0.4480169033541526,0.20071914569104413,-1.605848633155407
776548.73287217,0.7773542871000245,0.44335526891518384,-21.37085732387102,21.37085732387102,0.04679269459550463,0.44335526891518384,0.5870639820322845,0.3446441189996024,-1.0652429334850155
776612.955223307,0.635839079041034,0.6653609130298719,-10.006492735261237,10.006492735261237,0.09993511477564604,0.635839079041034,0.6504325254558041,0.4230624701708152,-0.8602354272210626
776782.451036471,0.4067096719518304,0.7199287851108238,23.85472460762894,23.85472460762894,0.041920416875413924,0.4067096719518304,0.5411118184082685,0.29280200002110296,-1.2282586662451438
778762.980450721,0.3673484669998288,0.6762911640107632,6.487105675811588,6.487105675811588,0.15415195157505926,0.3673484669998288,0.4984320639213369,0.24843452234488364,-1.3925759597353413
779091.907235811,0.512107960996218,0.29725912399590015,6.5939021682871415,6.5939021682871415,0.1516552679245716,0.29725912399590015,0.39016504696994886,0.15222876387706238,-1.8823708640446954
780362.641284394,0.8637888620141894,0.8506997250951827,46.9285848811141,46.9285848811141,0.021308974104660018,0.8506997250951827,0.8572193111775723,0.7348249474557516,-0.30812297486236795
781161.297181509,0.6949848210206255,0.48263073002453893,-18.42687272726511,18.42687272726511,0.05426856823732014,0.48263073002453893,0.5791554467715537,0.335421031525158,-1.0923687257594379
782386.162928494,0.28475870308466256,0.8692745049484074,17.998312917494555,17.998312917494555,0.05556076308841087,0.28475870308466256,0.49752736673842435,0.2475334806536706,-1.3962094307539137
784435.245578169,0.44199668895453215,0.47335297195240855,10.715897007242855,10.715897007242855,0.09331929929189332,0.44199668895453215,0.4574062158626095,0.2092204463097521,-1.5643668158609203
784589.549230614,0.7044541250215843,0.34635249606799334,8.754462313609201,8.754462313609201,0.1142274607140013,0.34635249606799334,0.49395287686845185,0.24398944456661997,-1.4106303145975438
784792.500430868,0.31108431704342365,0.4605550760170445,2.9646426082644277,2.9646426082644277,0.3373087862976589,0.31108431704342365,0.3785121679466122,0.14327146128364435,-1.9430141176199411
785111.163534451,0.27024119708221406,0.5416816679062322,-4.511882921399711,4.511882921399711,0.22163695676965223,0.27024119708221406,0.3826025383769304,0.1463847023724705,-1.9215171749059161
786180.951111178,0.48537025798577815,0.30552014301065356,-4.520690640333304,4.520690640333304,0.2212051386746233,0.30552014301065356,0.38508491353587554,0.14829039063293276,-1.9085828287486275
788012.169378855,0.7265915810130537,0.1228186070220545,2.1164420288880543,2.1164420288880543,0.47249108945610213,0.1228186070220545,0.29872891700331844,0.0892389658539755,-2.41643749785367
788061.43312928,0.5868928839918226,0.5393767380155623,14.542442108316907,14.542442108316907,0.0687642414218788,0.5393767380155623,0.5626334235824024,0.3165563693320551,-1.1502539511012198
788098.810922674,0.4044747840380296,0.41000813094433397,4.133507212376508,4.133507212376508,0.24192530667560214,0.4044747840380296,0.40723205941765644,0.16583795021754566,-1.7967441709313259
788691.354713969,0.8079876760020852,0.27258110395632684,-4.5907840137266565,4.5907840137266565,0.2178277167930257,0.27258110395632684,0.4692996619514607,0.2202421727077553,-1.5130275530141204
788774.540138162,0.6175587460165843,0.45431797101628035,-16.257120880349955,16.257120880349955,0.06151150670280762,0.45431797101628035,0.5296867342813231,0.280568036473613,-1.2709390291577878
788888.430204342,0.3180599689949304,0.47882549394853413,4.633520329631056,4.633520329631056,0.21581862792422993,0.3180599689949304,0.3902502040476763,0.152295221759253,-1.881934393445463
788925.933602864,0.6742791760480031,0.16988716798368841,-1.9778822453071077,1.9778822453071077,0.5055912718629663,0.16988716798368841,0.33845439818263573,0.11455137964917013,-2.1667318260768544
789299.499896938,0.7086063669994473,0.6380882930243388,17.1331335801884,17.1331335801884,0.058366439234229316,0.6380882930243388,0.6724235474348408,0.4521534271448555,-0.7937337161608646
789755.705934204,0.4837414911016822,0.6390961579745635,15.345340830915328,15.345340830915328,0.06516635968002488,0.4837414911016822,0.5560191798993732,0.3091573284159716,-1.1739049782092827
791084.433450452,0.28304918203502893,0.789112085942179,7.069422250621348,7.069422250621348,0.1414542751229929,0.28304918203502893,0.47260716293755983,0.2233575304598892,-1.4989815157913802
791169.830849309,0.35214954998809844,0.8495716910110787,-14.4984716565301,14.4984716565301,0.06897278717992326,0.35214954998809844,0.546970098517441,0.29917628867217916,-1.2067222851125001
791236.187101421,0.5969211449846625,0.8504489130573347,-11.388831730059646,11.388831730059646,0.08780531872822418,0.5969211449846625,0.7124962729257929,0.507650938933146,-0.6779611956687128
791402.78044496,0.23663379298523068,0.8718044250272214,-5.426295536812184,5.426295536812184,0.18428778772110072,0.23663379298523068,0.45420082324396943,0.20629838783549959,-1.5784316735961559
791656.920258938,0.5149448480224237,0.9989102110266685,28.424404438928416,28.424404438928416,0.035181036146194784,0.5149448480224237,0.7172054564803415,0.514383666805175,-0.664785858496783
792220.115057448,0.6311620590277016,0.5714899619342759,18.862883087095604,18.862883087095604,0.05301416519323686,0.5714899619342759,0.6005853653629103,0.3607027810881004,-1.019700980849802
792338.595060317,1.0780122069409117,0.38268526503816247,-23.3634340682793,23.3634340682793,0.042801927023121446,0.38268526503816247,0.6422922910385561,0.4125393871275572,-0.8854235938201098
794881.463725999,0.43784749205224216,0.8833124169614166,9.69194199692077,9.69194199692077,0.10317849614842003,0.43784749205224216,0.6218971992742536,0.38675612646516067,-0.9499609487619626
795668.527423547,0.5026844009989873,0.4221908369800076,-3.6809155607029225,3.6809155607029225,0.2716715402754406,0.4221908369800076,0.4606829148064384,0.21222874799455618,-1.550090586037875
795750.888953116,0.7938646050170064,0.1350158469285816,-2.6773320460724297,2.6773320460724297,0.3735061556772428,0.1350158469285816,0.32739013728729677,0.10718430199299503,-2.233205477700835
795872.526541211,0.6663033899385482,0.5531293260864913,-27.080195868906262,27.080195868906262,0.03692735476659567,0.5531293260864913,0.6070847923032283,0.3685519450458538,-0.998173613797738
795914.708917818,0.2184131770627573,0.9123949259519577,2.8974742419819597,2.8974742419819597,0.3451281759509171,0.2184131770627573,0.4464068486404597,0.19927907451310628,-1.6130490521924172
796052.181816856,0.4720175570109859,0.6040883869864047,-6.581483735231632,6.581483735231632,0.1519414223645127,0.4720175570109859,0.5339853224986898,0.2851403246440298,-1.2547738527143957
796376.464469195,0.6197412420297042,0.4502680649748072,-10.508829043817306,10.508829043817306,0.09515808048931325,0.4502680649748072,0.5282515403042366,0.2790496898337985,-1.2763654132559326
796780.069617928,0.6568589659873396,0.8424480210524052,26.514735947455975,26.514735947455975,0.037714876813470494,0.6568589659873396,0.7438881206247102,0.5533695360065635,-0.5917292619219934
797033.785361486,0.6739739530021325,0.5103419199585915,30.94764216963328,30.94764216963328,0.03231263934482314,0.5103419199585915,0.5864786110142379,0.3439571611771898,-1.0672381608250827
797106.697875664,0.334534827969037,0.9444229230284691,-22.025671086638486,22.025671086638486,0.045401567837205815,0.334534827969037,0.5620875021607792,0.315942360085344,-1.1521954868262176
797633.028514098,0.5989944640314206,0.6098215059610084,-20.971241520129283,20.971241520129283,0.047684349018638134,0.5989944640314206,0.6043837407789425,0.365279706117948,-1.0070919007401016
797934.234373339,0.6224004089599475,0.3320658380398527,5.5496691822284125,5.5496691822284125,0.1801909207853828,0.3320658380398527,0.4546184261527815,0.206677913397632,-1.5765936714258444
798810.122201616,0.2832116289064288,0.7033796980977058,-10.626710793903628,10.626710793903628,0.09410249506118899,0.2832116289064288,0.4463242207610555,0.1992053100379634,-1.6134192773698406
799300.165322314,0.7114013379905373,0.5278207400115207,-19.49675475952989,19.49675475952989,0.051290587194323015,0.5278207400115207,0.6127743309435794,0.37549238066335133,-0.9795170991599778
799800.191130371,0.3192912288941443,0.8314776270417497,-11.8862441068094,11.8862441068094,0.08413086514243126,0.3192912288941443,0.5152509226931546,0.2654835133361472,-1.3262025368905668
800257.055315513,0.35400931304320693,0.6631170639302582,4.69374048961729,4.69374048961729,0.21304969932019746,0.35400931304320693,0.48450966581604854,0.23474961626917903,-1.4492357955311859
801086.907323817,0.41679509298410267,0.649615122936666,10.547443872336506,10.547443872336506,0.09480970101417345,0.41679509298410267,0.5203425752024016,0.27075639556826697,-1.306535771705908
801668.094627786,0.36247413291130215,0.40867564000654966,-4.50198086047161,4.50198086047161,0.22212444499269682,0.36247413291130215,0.3848822524530659,0.14813434825334554,-1.9096356585130205
801680.125187745,0.4009873910108581,0.4316976299742237,3.35876090006083,3.35876090006083,0.29772884398585475,0.4009873910108581,0.4160592582180269,0.17310530634893478,-1.7538551624521754
802123.731913652,0.7768235399853438,0.3977277579251677,12.68746952751539,12.68746952751539,0.0788179232928437,0.3977277579251677,0.555845558461937,0.3089642848618626,-1.1745295917359362
803367.894758848,0.1849143160507083,0.8657462339615449,-4.341206483144949,4.341206483144949,0.23035071100224627,0.1849143160507083,0.40011107548589,0.16008887272647557,-1.8320261634156103
803543.736293664,0.605335318017751,0.41181335505098104,-10.187212395764307,10.187212395764307,0.09816228043068831,0.41181335505098104,0.4992846565274589,0.2492851682437426,-1.3891577838295692
805038.432714048,0.34144978399854153,0.6024851750116795,-9.181855524584208,9.181855524584208,0.10891044814662167,0.34144978399854153,0.45356193939754413,0.20571843287006147,-1.5812468758855887
805142.076200709,0.42938775394577533,0.4751970740035176,-5.664418755976529,5.664418755976529,0.17654062015540428,0.42938775394577533,0.45171208118443634,0.2040438042879748,-1.5894205812866047
805243.46543975,0.5104607619578019,0.7841085869586095,-9.219683009106117,9.219683009106117,0.10846359891249166,0.5104607619578019,0.6326584123810788,0.4002566667565472,-0.9156492707629634
805381.034359411,0.723000698024407,0.2713270930107683,6.632931500631031,6.632931500631031,0.1507629017282726,0.2713270930107683,0.4429104623281309,0.19616967763971868,-1.6287752920122207
805830.808259332,0.5760681619867682,0.4429559240816161,7.35758872453871,7.35758872453871,0.1359140932497142,0.4429559240816161,0.5051463204130532,0.255172805026847,-1.365814296564206
805961.906435049,1.1597188750747591,0.1503989950288087,-11.949261184401514,11.949261184401514,0.08368718237621195,0.1503989950288087,0.41763686777771947,0.17442055332718434,-1.7462859228045184
807033.448712473,0.10064650001004338,0.9244938709307462,1.6609084934185887,1.6609084934185887,0.602080129015257,0.10064650001004338,0.30503618209962635,0.0930470723899164,-2.3746497591516946
807297.702154385,0.32184002606663853,0.22369258396793157,2.190697541938522,2.190697541938522,0.45647561146898985,0.22369258396793157,0.26831553636558736,0.07199322705515282,-2.63118323306925
808470.730398891,0.2587096909992397,0.38809405302163213,-3.675240478295159,3.675240478295159,0.2720910389145126,0.2587096909992397,0.31686541707145793,0.10040369253586899,-2.2985562941551043
808688.626591366,0.5285433509852737,0.4086380589287728,-8.55332044681673,8.55332044681673,0.1169136601648273,0.4086380589287728,0.46473963571695853,0.21598292900633134,-1.5325559067992907
808896.93449782,0.2511072210036218,0.806713473983109,-6.440304817293026,6.440304817293026,0.1552721537829816,0.2511072210036218,0.4500795247487671,0.20257157859807606,-1.596661980334557
808949.007546105,0.5029975689249113,0.3956702270079404,3.6072315274153315,3.6072315274153315,0.27722090816735684,0.3956702270079404,0.44611787935585123,0.1990211622809618,-1.6143441167912624
809043.56302673,0.37224708299618214,1.2320664300350472,19.297186571095132,19.297186571095132,0.051821025635824025,0.37224708299618214,0.6772245821277207,0.45863313463806604,-0.7795046594499456
809555.612291212,0.19651407096534967,0.3023105700267479,1.3532846850211384,1.3532846850211384,0.7389428189563676,0.19651407096534967,0.24373813983825274,0.059408280811811646,-2.8233216547236184
810056.992091032,0.6300810399698094,0.48248730099294335,-13.295849278817913,13.295849278817913,0.0752114422350692,0.48248730099294335,0.5513674821585511,0.30400610038186016,-1.1907075107316631
810175.375633282,0.42993004899472,0.5223902800353244,-8.755703574641405,8.755703574641405,0.11421126714433746,0.42993004899472,0.47391062310308313,0.22459127868995252,-1.4934730678415427
810184.979968967,0.40360944997519255,0.5450019820127636,-8.061295394000432,8.061295394000432,0.12404954180741766,0.40360944997519255,0.4690074095316206,0.2199679501955613,-1.5142734241715394
810647.470851078,0.4988951130071655,0.5953071579569951,-10.61201868815058,10.61201868815058,0.09423277788952669,0.4988951130071655,0.5449732395658795,0.29699583184292955,-1.2140371744768081
811193.799354351,0.3183860790450126,0.3192662439541891,8.712358700860547,8.712358700860547,0.11477947985557882,0.3183860790450126,0.3188258577719234,0.10164992758400274,-2.2862204513133206
811347.016242923,0.7906863819807768,0.4435898970114067,-18.454799487222118,18.454799487222118,0.05418644622459258,0.4435898970114067,0.5922334765539471,0.3507404907511746,-1.0477086715540394
811676.007887966,0.7037748920265585,0.4327352299587801,-11.65831953223619,11.65831953223619,0.08577565550806183,0.4327352299587801,0.5518588494717906,0.30454818974032843,-1.1889259457648271
811681.149543287,0.6079811590025201,0.4687808840535581,-22.478576569718328,22.478576569718328,0.044486802662902364,0.4687808840535581,0.5338632270583059,0.28500994520510825,-1.2552312038657987
811684.832256894,0.5484641479561105,0.5234846690436825,10.629597474448973,10.629597474448973,0.09407693963988405,0.5234846690436825,0.5358288653806641,0.2871125729751298,-1.247880899797182
812587.811768538,0.7103192949434742,0.11205914407037199,-2.6062936825413177,2.6062936825413177,0.3836866147121726,0.11205914407037199,0.28213077146606297,0.07959777220803584,-2.530769173859686
812620.075143681,0.24275400605984032,0.6789891480002552,2.669610653886405,2.669610653886405,0.3745864583452292,0.24275400605984032,0.4059893295989684,0.16482733574821978,-1.8028568030034327
812856.695786713,0.473564070998691,0.3633585380157456,-4.3706958674423175,4.3706958674423175,0.22879651898204229,0.3633585380157456,0.41481748817385833,0.1720735484948691,-1.7598332860384203
813328.699812257,0.663391683017835,0.36145973298698664,-9.56859408849078,9.56859408849078,0.10450856110646516,0.36145973298698664,0.4896829388588235,0.23978938060941432,-1.4279943217337154
813988.895371022,0.32772910210769624,0.4568902119062841,3.7066124346918525,3.7066124346918525,0.2697881199125515,0.32772910210769624,0.38695764485256207,0.14973621890984154,-1.8988800735345963
814712.34789187,0.6340274600079283,0.3752801470691338,-7.776007244667793,7.776007244667793,0.12860070323181935,0.3752801470691338,0.4877888051581798,0.2379379184376447,-1.435745486237785
814732.273356497,0.5608506900025532,0.21576140995603055,-2.2585349990540813,2.2585349990540813,0.4427648898152208,0.21576140995603055,0.3478648238177633,0.12100993564976348,-2.1118826239485053
815150.025911484,0.42321885004639626,0.6602889630012214,6.122339204735523,6.122339204735523,0.16333626193506517,0.42321885004639626,0.5286272180087821,0.2794467356197044,-1.274943574781413
815255.917831212,0.4423066331073642,0.5082695649471134,11.519014246865277,11.519014246865277,0.08681298404263496,0.4423066331073642,0.47414238365991124,0.2248109999827025,-1.4924952298523517
815674.884508393,0.5503110999707133,0.5064079919829965,-5.671976557443746,5.671976557443746,0.17630538311862864,0.5064079919829965,0.5279033425752511,0.2786819391021229,-1.2776841506769123
816537.140759583,0.48226873099338263,0.6016972280340269,-9.831088547003635,9.831088547003635,0.10171813581160193,0.48226873099338263,0.5386833565335076,0.29017975860620615,-1.2372546907709998
816836.81019012,0.410962120979093,0.47207426303066313,-4.4439561478416305,4.4439561478416305,0.22502472273172328,0.410962120979093,0.4404595786161581,0.19400464039472357,-1.6398732006444465
817914.672645629,0.4234288170700893,0.9572357449214906,-13.668693669678856,13.668693669678856,0.07315988083179385,0.4234288170700893,0.6366484109218467,0.40532119912931247,-0.9030754419308403
818011.536091004,0.7145716020604596,0.5021158679155633,16.313222393367685,16.313222393367685,0.06129996734468358,0.5021158679155633,0.5989972789223689,0.35879774015640215,-1.0249964471551172
818701.565182703,0.4483551370212808,0.8713878620183095,7.006664766004246,7.006664766004246,0.14272125660298704,0.4483551370212808,0.6250529771738553,0.39069122427390013,-0.9398377387195753
819032.959662772,0.49599506705999374,0.5932215870125219,-12.530500670080105,12.530500670080105,0.07980527086102515,0.49599506705999374,0.5424343101535076,0.29423498083171173,-1.2233765763476372
819814.645517788,0.365542802028358,0.5413039040286094,7.035833929158718,7.035833929158718,0.14212956275953076,0.365542802028358,0.44482552290477584,0.19786974582750724,-1.6201463141214587
820424.774417612,0.6758734260220081,0.31137809704523534,7.349212214308546,7.349212214308546,0.1360690058797119,0.31137809704523534,0.45875067437353867,0.21045218123817652,-1.55849681918075
820522.172238572,0.3941479320637882,0.9320553039433435,-16.162101104925508,16.162101104925508,0.06187314344267054,0.3941479320637882,0.6061086293877974,0.3673676706183544,-1.0013921051236536
820555.354664391,0.5710289890412241,0.2916338179493323,-10.938808921312196,10.938808921312196,0.09141763122415363,0.2916338179493323,0.40808254585786885,0.16653136423383963,-1.792571613524936
820630.538330237,0.3739447310799733,0.7702020979486406,12.843264843028903,12.843264843028903,0.07786182191382453,0.3739447310799733,0.5366684417726048,0.28801301639463567,-1.2447496040527841
821211.556453959,0.4354790059151128,0.33604219707194716,-3.445623698405664,3.445623698405664,0.2902232186476757,0.33604219707194716,0.3825432288335816,0.14633932192642196,-1.9218272310861066
822044.625205065,0.27556211000774056,0.6232242890400812,-9.887319347976355,9.887319347976355,0.10113964814989725,0.27556211000774056,0.4144116312266811,0.17173700009595874,-1.7617910415975997
822080.998863745,0.5291889960644767,0.3317444899585098,-6.608736513601633,6.608736513601633,0.15131485389709076,0.3317444899585098,0.4189934767882021,0.17555553359106565,-1.7397998554115348
822140.396738085,0.5876483109313995,0.5778445180039853,-16.02820185652638,16.02820185652638,0.06239003033224335,0.5778445180039853,0.5827257974262086,0.3395693549860106,-1.0800770671737832
822646.716370836,0.7045641950098798,0.2602246419992298,3.8845428703159777,3.8845428703159777,0.25743054804249277,0.2602246419992298,0.4281880024147355,0.1833449654119215,-1.6963858437350605
822815.121347035,0.5601292150095105,0.7046832529595122,26.91637052500441,26.91637052500441,0.037152111540113976,0.5601292150095105,0.628262427103961,0.3947136773105599,-0.9295946444927392
822898.572265202,0.4358734949491918,0.14023825305048376,0.956032428470588,0.956032428470588,1.04598962359441,0.14023825305048376,0.24723700670143114,0.061126137482683515,-2.794815722236592
823090.284234546,0.7526511310134083,0.49300673499237746,11.19525773430079,11.19525773430079,0.08932353535159196,0.49300673499237746,0.6091486490908772,0.37106207668924057,-0.9913859077590607
824017.59516401,0.8156814659014344,0.6028790069976822,-25.09502401032032,25.09502401032032,0.03984853728726262,0.6028790069976822,0.7012540425473999,0.4917572321890705,-0.7097701147767429
824072.331138616,0.3188281279290095,0.6049701330484822,8.64069539319052,8.64069539319052,0.11573142605953578,0.3188281279290095,0.4391827580550168,0.1928814949728114,-1.6456792943469971
824502.847287541,0.6751692150719464,0.39756443502847105,-9.091075778025717,9.091075778025717,0.10999798312286944,0.39756443502847105,0.5180958092271106,0.2684232675386946,-1.3151901878554602
825135.984364086,0.18679427297320217,0.5331286480650306,-3.1839228957030277,3.1839228957030277,0.31407795752516,0.18679427297320217,0.3155715104639415,0.09958537821649355,-2.306739930223787
825659.570174534,0.45183806400746107,0.5805596800055355,-19.375627915168057,19.375627915168057,0.05161123058196003,0.45183806400746107,0.5121708326862164,0.26231896185449227,-1.3381941040073562
826198.117021875,0.39925973501522094,0.29053419397678226,-2.5427040187293954,2.5427040187293954,0.3932821093741402,0.29053419397678226,0.3405856798223185,0.11599860530003088,-2.1541771112236483
828014.356707157,0.6646635950310156,0.8455358940409496,-25.046024632841526,25.046024632841526,0.039926495907408516,0.6646635950310156,0.7496645430197573,0.5619969270610214,-0.5762588969663459
828141.147855686,0.7887530400184914,0.3677697710227221,8.564961935204495,8.564961935204495,0.11675475122542085,0.3677697710227221,0.5385903126877392,0.2900795249210766,-1.237600169728328
828249.735773356,0.8394480270799249,0.42027228500228375,14.873970348018455,14.873970348018455,0.0672315445440714,0.42027228500228375,0.5939669523479728,0.35279674048153903,-1.041863193890086
828688.824367885,0.6874618360307068,0.5567041819449514,26.23853945035827,26.23853945035827,0.038111877450036406,0.5567041819449514,0.6186379224116874,0.38271287904584894,-0.9604702340050302
829122.207610652,0.256707202992402,0.9046933070058003,11.25702045573417,11.25702045573417,0.08883345321546555,0.256707202992402,0.48191419195475604,0.23224128840740546,-1.459978411539998
829851.272279854,0.5274317390285432,0.2640013799536973,-5.30926474308616,5.30926474308616,0.18834999729524163,0.2640013799536973,0.37315239103470016,0.13924270693491378,-1.971536775442794
830012.599711632,0.4424320870311931,0.5276980029884726,9.944837141495452,9.944837141495452,0.10055468840484454,0.4424320870311931,0.48318788145439107,0.23347052878438268,-1.4546994248951524
830709.725340257,0.651368702063337,0.3197657410055399,14.60078586825473,14.60078586825473,0.06848946413043537,0.3197657410055399,0.4563829485016938,0.2082853956830997,-1.5688460451121993
830769.915187425,0.28449395892675966,0.2871535799931735,2.4911994297470255,2.4911994297470255,0.40141306555354633,0.28449395892675966,0.2858206759355416,0.08169345879224989,-2.5047813440638036
830904.54449207,0.3498134899418801,0.5479065600084141,5.665004259598674,5.665004259598674,0.17652237388976705,0.3498134899418801,0.43779573538191696,0.19166510591859348,-1.6520056699194763
831354.974128541,0.6268734119366854,0.24047435203101486,-5.372248814013702,5.372248814013702,0.1861417880332468,0.24047435203101486,0.38826148088748885,0.15074697754094588,-1.892152493055465
832018.070645587,0.7210954210022464,0.5706643719458953,14.276955049116392,14.276955049116392,0.07004294659188484,0.5706643719458953,0.6414853587879523,0.4115034655393079,-0.8879378371767621
832980.750093941,0.7155331550166011,0.652787885046564,-11.96953935670634,11.96953935670634,0.08354540389557398,0.652787885046564,0.6834408349988916,0.4670913749439823,-0.7612303767612724
833448.478906162,0.6814890009118244,0.6870048550190404,-24.64853207993764,24.64853207993764,0.04057036730450724,0.6814890009118244,0.6842413698896747,0.46818625226849864,-0.7588890873028198
833887.460576873,1.1173449020134285,0.24150786001700908,-6.812591295776909,6.812591295776909,0.14678702370123026,0.24150786001700908,0.5194685516815988,0.26984757618617783,-1.3098980120360981
833935.550012683,0.44507847703062,0.7731973920017481,17.22614720333021,17.22614720333021,0.05805128611734358,0.44507847703062,0.586628943776375,0.34413351767618533,-1.066725564133173
835503.715724084,0.5923269059276208,0.5417050570249557,15.56388661712092,15.56388661712092,0.06425130332804908,0.5417050570249557,0.566450774871866,0.32086648035293747,-1.1367301914391952
835671.497374715,0.37757899204734713,0.34636826894711703,-4.364842848542695,4.364842848542695,0.22910332277687234,0.34636826894711703,0.36163708585574694,0.1307813818662369,-2.0342281905626
835732.321613578,0.34401553706265986,0.6507929760264233,-8.577428533612407,8.577428533612407,0.11658505764067816,0.34401553706265986,0.47316265191193685,0.22388289516433674,-1.4966321532740707
836571.935426859,0.6591861019842327,0.7726052310317755,17.674692838509582,17.674692838509582,0.056578069510843335,0.6591861019842327,0.7136460121211802,0.5092906306164636,-0.6747364418512871
836806.035697435,0.2786304400069639,1.0060104419244453,7.193177678366127,7.193177678366127,0.13902061713386482,0.2786304400069639,0.5294385064245029,0.2803051320850084,-1.271876511721039
836824.925930812,0.581770351040177,0.41646561899688095,-4.7410451033208245,4.7410451033208245,0.21092395836933897,0.41646561899688095,0.4922269287229012,0.24228734935998006,-1.4176308631707197
837207.355896596,0.6986858369782567,0.32107631501276046,-9.242799888083036,9.242799888083036,0.10819232398283599,0.32107631501276046,0.4736364364030548,0.22433147388858496,-1.4946305267980362
837437.348961893,0.29218154901172966,0.4194454120006412,-3.4371788315524,3.4371788315524,0.2909362733240011,0.29218154901172966,0.35007743458299406,0.12255421020421049,-2.0992018146066167
837670.651423719,0.7550957959610969,0.5084252499509603,-17.49196496072393,17.49196496072393,0.05716910605786016,0.5084252499509603,0.6196045261281101,0.38390976879843997,-0.9573477310932473
838764.081093957,0.41178337298333645,0.6446198300691321,-4.396933487044678,4.396933487044678,0.227431232004406,0.41178337298333645,0.515212313437686,0.2654437279178124,-1.326352408343067
838866.578135145,0.33585732406936586,0.8279692590003833,12.224637652662924,12.224637652662924,0.0818020156026602,0.33585732406936586,0.5273324755214346,0.27807953973956445,-1.279848092043259
839607.882359286,0.47054981195833534,0.4708298600744456,8.106652503501074,8.106652503501074,0.1233554786723772,0.47054981195833534,0.4706898151887289,0.22154890212239972,-1.5071119367883221
839717.986613446,0.37189955404028296,0.4547358569689095,-7.245417231304496,7.245417231304496,0.13801827666727146,0.37189955404028296,0.4112372337384631,0.16911606241286334,-1.777170039931262
840023.069561171,0.5899899939540774,0.5470705470070243,9.416366129233255,9.416366129233255,0.10619807962813642,0.5470705470070243,0.5681251171362942,0.3227661487211281,-1.1308272157398382
840397.259825723,0.618688908056356,0.4838217699434608,-16.200418944919914,16.200418944919914,0.061726798757483825,0.4838217699434608,0.5471153100948768,0.29933516254021325,-1.2061913884305944
842041.690557217,0.5977126429788768,0.5095561080379412,11.62963018737876,11.62963018737876,0.08598725702260643,0.5095561080379412,0.5518769138869535,0.3045681280813879,-1.1888604793161925
842472.759935343,0.174505400005728,1.0112962969578803,-6.576754479103823,6.576754479103823,0.1520506814078704,0.174505400005728,0.4200912577344908,0.1764766648249464,-1.7345666219729137
843024.935420846,0.4919740429613739,0.24694666697178036,3.6891296826718585,3.6891296826718585,0.2710666433595656,0.24694666697178036,0.34855609325608233,0.12149135014594277,-2.107912210950283
844340.06144042,0.8442485829582438,0.16088221699465066,-2.8964598241888804,2.8964598241888804,0.34524904908012605,0.16088221699465066,0.36854386946592194,0.13582458372091452,-1.996391051368577
844656.812168456,0.3483625160297379,0.4702719959896058,-8.24666381203681,8.24666381203681,0.12126115757749244,0.3483625160297379,0.4047531787908106,0.16382513574126586,-1.8089556654821242
844871.918736383,0.44810371997300535,0.6947103390702978,-7.334961135556077,7.334961135556077,0.13633337403146145,0.44810371997300535,0.5579446990886358,0.3113022872411083,-1.1669908541760594
845014.139048283,0.344343033968471,0.48624264006502926,8.854365560897405,8.854365560897405,0.1129386394905801,0.344343033968471,0.40918732375872957,0.16743426592483138,-1.787164446982437
845183.13156222,0.6934667410096154,0.5301927999826148,15.332659095154003,15.332659095154003,0.06522025917318264,0.5301927999826148,0.6063588649559819,0.36767107311070674,-1.0005665635799674
845392.729952018,0.37676936702337116,0.4858529119519517,8.806868782600896,8.806868782600896,0.11354773469267862,0.37676936702337116,0.427848681314549,0.18305449410259853,-1.6979713884875578
845465.031653865,0.5195769959827885,0.6837103000143543,16.17813465615813,16.17813465615813,0.0618118232573466,0.5195769959827885,0.596020254524919,0.3552401438039493,-1.0349612567840414
845591.895231768,0.8603507920634001,0.41536530992016196,11.904919914123356,11.904919914123356,0.08399888510074342,0.41536530992016196,0.59779584590851,0.35735987338547104,-1.0290119562436
847173.275705088,0.4585889920126647,0.5514955850085244,-6.03506162250109,6.03506162250109,0.1656983909280405,0.4585889920126647,0.5029013863855358,0.25290980442849403,-1.3747223580525607
848294.393162882,0.3669793689623475,0.8636426230659708,-23.011848879588648,23.011848879588648,0.04345587376453672,0.3669793689623475,0.5629733784307536,0.3169390248217365,-1.149045874326703
848399.148166853,0.43023711000569165,0.4270251210546121,-4.267170598378507,4.267170598378507,0.2343473214733886,0.4270251210546121,0.42862810685064384,0.18372205398236693,-1.6943312396264099
848681.632309152,0.34747107105795294,0.49398859590291977,-5.197889179328777,5.197889179328777,0.19238578690304703,0.34747107105795294,0.4143027232698354,0.17164674650880182,-1.7623167134741962
848748.442671675,0.5204235400306061,0.5208706520497799,18.02413876041538,18.02413876041538,0.055481152985584,0.5204235400306061,0.520647048044831,0.27107334863779653,-1.3053658355439632
848791.907497681,0.883839522022754,0.4417930110357702,27.81609130192178,27.81609130192178,0.035950414065937124,0.4417930110357702,0.6248792873082355,0.39047412370684836,-0.9403935764130993
849449.836332048,0.7036921600811183,0.5628006479237229,-10.472393613123389,10.472393613123389,0.09548915338197933,0.5628006479237229,0.6293158218513957,0.39603840363249754,-0.9262440935598599
850681.948605863,0.9824205910554156,0.2805962269194424,-4.063902105088001,4.063902105088001,0.2460689195116194,0.2805962269194424,0.525036675955231,0.27566351109811815,-1.288574319736385
851008.616624137,0.48553037201054394,0.2979615209624171,3.3690827169460618,3.3690827169460618,0.2968166958235029,0.2979615209624171,0.38035426659590643,0.14466936811770986,-1.933304360099469
851663.65290725,0.8122361189452931,0.5820163859752938,14.259515589966453,14.259515589966453,0.07012860946718545,0.5820163859752938,0.6875570743633858,0.4727347305071384,-0.749220871262637
852099.564141026,0.41053713695146143,0.3727279929444194,5.441349008388768,5.441349008388768,0.18377795624914509,0.3727279929444194,0.3911760257033481,0.15301868308506644,-1.8771952533776233
852276.860342507,0.4497298620408401,0.24266104493290186,-4.257160032372472,4.257160032372472,0.23489838117330775,0.24266104493290186,0.3303512044179044,0.10913191826036005,-2.2151978692570204
853179.524303755,0.3608824199764058,1.3918294369941577,23.427599784186768,23.427599784186768,0.04268469707575349,0.3608824199764058,0.7087219309551879,0.5022867754168501,-0.6885840566299639
853894.990285937,0.6501245759427547,0.4621748609934002,-15.366472545585282,15.366472545585282,0.06507674399791223,0.4621748609934002,0.5481525659109295,0.3004712355147359,-1.202403251669271
854266.990414741,0.2995935919461772,0.24446566903498024,-3.9688645815811365,3.9688645815811365,0.2519612295770532,0.24446566903498024,0.2706295399503075,0.07324034789371507,-2.614008809136384
854730.669739724,0.8484594089677557,0.687554270029068,-32.364392085958215,32.364392085958215,0.03089815490258707,0.687554270029068,0.7637813100502786,0.5833618895821198,-0.5389475483615257
854742.157508315,0.9090097560547292,0.1314095329726115,2.8245090319401576,2.8245090319401576,0.35404383157985486,0.1314095329726115,0.34561907862659935,0.11945254751069946,-2.1248360784331357
854773.05136132,0.6752158239251003,0.531830094056204,-10.863843137322851,10.863843137322851,0.09204845719508681,0.531830094056204,0.5992496100510398,0.35910009514632335,-1.024154112792398
855282.497790762,0.3709698549937457,0.722440293058753,15.986185849364269,15.986185849364269,0.06255400815572075,0.3709698549937457,0.5176906129703771,0.26800357075764475,-1.3167549748374854
855914.808587633,0.702351510990411,0.3356401940109208,-4.38665502078647,4.38665502078647,0.22796413104322782,0.3356401940109208,0.48552795739553967,0.23573739741268496,-1.4450368163198024
855927.889267626,0.4382239179685712,0.8524537599878386,21.074771130791692,21.074771130791692,0.047450100112305896,0.4382239179685712,0.6112001526414327,0.3735656265889106,-0.9846615827785871
856171.282846323,0.22387249395251274,0.9031900160480291,12.269196631215618,12.269196631215618,0.0815049289743856,0.22387249395251274,0.4496658775198339,0.20219940140568227,-1.5985009328072584
856417.784933755,0.6001256150193512,0.2857999039115384,-6.631887294036689,6.631887294036689,0.1507866397095119,0.2857999039115384,0.41414471276038706,0.1715158431073835,-1.7630796370079889
856495.878646862,0.48966904694680125,0.7884905739920214,-12.746622334764504,12.746622334764504,0.07845215569560335,0.48966904694680125,0.6213689949564666,0.3860994278932094,-0.9516603574711135
856553.787375425,0.6851240530377254,0.4971722810296342,-24.285514299976573,24.285514299976573,0.0411768096671918,0.4971722810296342,0.5836306094072123,0.340624688237034,-1.0769740288324705
856785.169501225,0.4748280589701608,0.4040784570388496,-3.077651545683766,3.077651545683766,0.32492307369963436,0.4040784570388496,0.4380271560387717,0.19186778942741445,-1.6509487408781942
857075.546034054,0.7195170089835301,0.2964948290027678,-5.844197913006775,5.844197913006775,0.17110987938557184,0.2964948290027678,0.46187993303796465,0.2133330725431547,-1.5449006137512389
857249.52926539,0.5999059940222651,0.766629213001579,-18.65681968230135,18.65681968230135,0.05359970332717759,0.5999059940222651,0.6781632989717292,0.45990546007221905,-0.7767343322035833
857307.739362457,0.4774766319897026,0.5415065560955554,10.748282131100652,10.748282131100652,0.0930381234696523,0.4774766319897026,0.5084847358621974,0.25855672660484874,-1.3526401638283676
857358.498070598,0.5607785499887541,0.4762022680370137,17.507118034284435,17.507118034284435,0.05711962403187583,0.4762022680370137,0.5167630185792639,0.2670440173711526,-1.3203417751016633
857407.757788453,0.5364861650159582,0.4138251779368147,6.6622090332435615,6.6622090332435615,0.15010036385981426,0.4138251779368147,0.471180944753041,0.22201148269836826,-1.505026174580967
857619.183310498,0.7052558290306479,0.27816376800183207,5.7656638662171895,5.7656638662171895,0.1734405652503105,0.27816376800183207,0.4429182981187624,0.19617661880842088,-1.6287399091437407
858359.231775703,0.7062190669821575,0.5705508269602433,-10.204705109353933,10.204705109353933,0.09799401249560565,0.5705508269602433,0.6347707244996112,0.4029338726817614,-0.9089828181376125
859224.359019186,0.8380917339818552,0.2714372869813815,-9.7813571425776,9.7813571425776,0.10223530185265052,0.2714372869813815,0.4769584326894289,0.22748934651355646,-1.4806518701994607
859914.060586846,0.25879085902124643,0.7432818610686809,7.844500949647996,7.844500949647996,0.12747783529108664,0.25879085902124643,0.43858243389455837,0.19235455132087467,-1.6484149884007833
859958.905550162,0.4092760590137914,0.5818525520153344,5.687635179834276,5.687635179834276,0.175819996955068,0.4092760590137914,0.4879941796947512,0.23813831941595312,-1.4349036001102669
860836.02744174,0.6923135040560737,0.6216223239898682,-13.7324116942657,13.7324116942657,0.07282042093287766,0.6216223239898682,0.6560164093381396,0.43035752932090554,-0.8431389522318596
861208.477404668,0.5871497050393373,0.5288505280623212,10.095762147299855,10.095762147299855,0.09905146193122759,0.5288505280623212,0.5572382179657903,0.3105144315616897,-1.1695249002291457
862064.342637437,0.6883827759884298,0.30600346298888326,-10.783136198651581,10.783136198651581,0.09273739861739379,0.30600346298888326,0.4589635206793239,0.21064751331436019,-1.5575690954482455
862569.19480781,0.6270805810345337,0.41736233700066805,13.176177799777644,13.176177799777644,0.0758945435615536,0.41736233700066805,0.511585590872446,0.2617198167883098,-1.3404807490102275
864555.37933641,0.36842177098151296,0.7385595079977065,18.966896827759143,18.966896827759143,0.05272343752808538,0.36842177098151296,0.5216333980026105,0.2721014019117499,-1.3015804810130818
864930.946482247,0.5399514699820429,0.83904683298897,-15.489840074836446,15.489840074836446,0.06455844574047734,0.5399514699820429,0.6730858569723271,0.453044570856172,-0.7917647679281463
865339.321184444,0.38818651798646897,0.6602382980054244,5.885220599834184,5.885220599834184,0.169917165046995,0.38818651798646897,0.5062564626195287,0.25629560594403833,-1.3614237899493271
865988.099890544,0.6606153689790517,0.24508697807323188,9.424011531520048,9.424011531520048,0.10611192448728941,0.24508697807323188,0.4023782107070521,0.16190822445180883,-1.8207256200099957
866452.830996893,0.5571393360150978,0.4681836690288037,-18.055638236310777,18.055638236310777,0.055384361766229386,0.4681836690288037,0.5107284390905014,0.26084353849582,-1.343834520777719
866660.944426522,0.1573572700144723,0.7604202299844474,-7.183855744714865,7.183855744714865,0.13920101343010627,0.1573572700144723,0.34591567101553783,0.11965765145412981,-2.123120518037782
866705.412589897,0.4025749320862815,0.8392775919055566,-25.98699025337584,25.98699025337584,0.038480793283481335,0.4025749320862815,0.5812676832259964,0.3378721195629173,-1.0850877995778623
867740.325082645,0.6268924190662801,0.5575338429771364,18.200684008513637,18.200684008513637,0.054942990028959096,0.5575338429771364,0.591196870369978,0.3495137395352566,-1.0512124061059844
868944.479120826,1.243929542019032,0.25284910202026367,13.245737147829677,13.245737147829677,0.0754959870363916,0.25284910202026367,0.5608265932318028,0.3145264676759901,-1.15668704843045
869549.905982193,0.6649485139641911,0.277816254994832,-5.432861041698529,5.432861041698529,0.18406507958233367,0.277816254994832,0.4298063586243348,0.1847335059139103,-1.6888410010072057
870030.06779885,0.37876956397667527,0.39331571594811976,5.43349940869834,5.43349940869834,0.18404345427904664,0.37876956397667527,0.38597412119835595,0.1489760222348432,-1.9039699105847983
870286.535719659,0.31467282900121063,0.4353523460449651,-11.827912555673244,11.827912555673244,0.08454577215489738,0.31467282900121063,0.37012640319529105,0.13699355434228316,-1.9878214028573051
871484.235351982,0.3507152668898925,0.2639845840167254,3.304719953824245,3.304719953824245,0.30259750114159994,0.2639845840167254,0.30427524355136604,0.09258342383824311,-2.3796451615802043
871668.001869609,0.3642458620015532,0.8890809280565009,-6.377930569589128,6.377930569589128,0.15679066886807155,0.3642458620015532,0.569072973377827,0.32384404902908104,-1.1274932092235097
871766.915098641,1.1041607758961618,0.3746493220096454,10.81958017609077,10.81958017609077,0.09242502793313656,0.3746493220096454,0.6431742268461487,0.41367308607914105,-0.8826792642441916
872156.173868197,0.5945061360253021,0.2786751550156623,7.418799221014916,7.418799221014916,0.1347927029979923,0.2786751550156623,0.4070308214553457,0.1656740896146135,-1.7977327360305586
872156.452543352,0.2786751550156623,0.9090652089798823,-8.455173393831378,8.455173393831378,0.1182707856387153,0.2786751550156623,0.5033228467214798,0.25333388803181417,-1.3730469447730007
872629.897580586,0.6519929430214688,0.3665724899619818,-10.309060472071776,10.309060472071776,0.09700205006160309,0.3665724899619818,0.48887899991820094,0.23900267656102034,-1.4312805281132497
872783.353410076,0.48474190500564873,0.16569309402257204,2.0552631644587835,2.0552631644587835,0.48655569626935435,0.16569309402257204,0.28340498591729407,0.08031838604278164,-2.521756717329481
872829.319948863,0.3733684360049665,0.5651607270119712,-8.165646068213418,8.165646068213418,0.12246428410517583,0.3733684360049665,0.45936170577867014,0.2110131767358895,-1.555834698470669
873362.720698826,0.5812340370612219,0.3620807839324698,8.206737828572056,8.206737828572056,0.12185109612231838,0.3620807839324698,0.4587523033046934,0.21045367578736143,-1.5584897175965837
874571.63400007,0.7095115979900584,0.3863956539425999,-7.802141154216801,7.802141154216801,0.12816994466442494,0.3863956539425999,0.5235954525062528,0.27415219788522766,-1.2940718600742012
874783.830023614,0.3025827859528363,0.6324330839561298,-6.834613048454886,6.834613048454886,0.1463140623924674,0.3025827859528363,0.43745098522256154,0.19136336447218977,-1.653581226475445
875399.852927703,0.20947331795468926,0.5192314110463485,3.983644157039846,3.983644157039846,0.25102643724661317,0.20947331795468926,0.32979558283605576,0.10876512645817371,-2.218564524817735
875551.367308524,0.3435546059627086,0.327114652027376,7.0400623042762245,7.0400623042762245,0.1420441974487338,0.327114652027376,0.33523386669889677,0.1123817453818937,-2.185853762346492
876193.90747558,0.5008914669742808,0.5390946830157191,-15.99749542869974,15.99749542869974,0.06250978501334561,0.5008914669742808,0.5196421139724708,0.2700279266137784,-1.3092298934295896
876252.464928666,0.513845753041096,0.533326621982269,-7.786740382056759,7.786740382056759,0.12842344176573972,0.513845753041096,0.5234955775260599,0.274047619689343,-1.294453393207926
876638.575961416,0.31181451701559126,1.178603564039804,20.365704238876962,20.365704238876962,0.04910215665859751,0.31181451701559126,0.6062224847973935,0.367505701073926,-1.0010164473232437
877532.00048071,0.41201284795533866,0.6978786010295153,10.499420614957259,10.499420614957259,0.09524335072122175,0.41201284795533866,0.5362228547323008,0.28753494993725814,-1.2464108611339988
878998.130073337,0.6616513669723645,0.45624419499654323,11.002183332430025,11.002183332430025,0.0908910504201835,0.45624419499654323,0.5494311560993504,0.30187459529266886,-1.197743595221602
879252.738170934,0.7967972570331767,0.12762961792759597,4.079316331579307,4.079316331579307,0.24513911614519243,0.12762961792759597,0.3188964243777293,0.10169492948090082,-2.285777834782149
879948.761040277,0.808968813973479,0.32213847304228693,-18.22532846686666,18.22532846686666,0.054868695607762745,0.32213847304228693,0.5104899396386244,0.26059997847224636,-1.3447686968998132
880500.266146438,1.0222261790186167,0.28226251900196075,-18.938617083920207,18.938617083920207,0.05280216583760215,0.28226251900196075,0.5371555978294781,0.288536136279544,-1.2429349451428393
882213.390157814,0.37677196599543095,0.5349416049430147,-10.021480369870936,10.021480369870936,0.09978565671858705,0.37677196599543095,0.4489443174683591,0.2015510001871308,-1.601712826954814
883191.086348522,0.38228617096319795,0.5070960010634735,-4.200833851664286,4.200833851664286,0.23804797697576638,0.38228617096319795,0.44029057286899187,0.19385578855730504,-1.6406407542983654
883246.047434704,0.19159579405095428,0.6633931719698012,-3.316777832606233,3.316777832606233,0.30149743228783804,0.19159579405095428,0.3565155558338729,0.12710334155153533,-2.0627548104042726
883696.203963572,0.6110022930661216,0.5389246629783884,12.802227974644675,12.802227974644675,0.07811140388849035,0.5389246629783884,0.57383290675046,0.3292842048696821,-1.1108340565270667
883881.90461627,0.7017593269702047,0.2925929760094732,10.49508242416857,10.49508242416857,0.09528272000009765,0.2925929760094732,0.45313336880064037,0.20532984992061717,-1.5831375689329477
884305.050124435,0.2851267079822719,0.8268829040462151,-3.7846142564367544,3.7846142564367544,0.2642277210416441,0.2851267079822719,0.48555782386603363,0.23576640031751814,-1.4449137933239775
884663.45054526,1.1238216889323667,0.25500417698640376,12.512339282806407,12.512339282806407,0.07992110646920604,0.25500417698640376,0.5353309489144714,0.28657922486566845,-1.2497402544720313
884728.908308781,0.39984801202081144,0.2378636950161308,2.5094016083382216,2.5094016083382216,0.3985013784470398,0.2378636950161308,0.3083979986707509,0.0951093255841245,-2.352728253416942
885222.06606279,0.44599763595033437,0.30385920498520136,-4.091025239937853,4.091025239937853,0.2444375043785335,0.30385920498520136,0.36813107324042593,0.13552048708514786,-1.9986324538910218
885441.808478254,1.0509313279762864,0.276518892031163,-23.46604434457841,23.46604434457841,0.042614766481980156,0.276518892031163,0.5390754737630358,0.2906023664128415,-1.2357993846828215
886073.267695401,0.7041458029998466,0.299477442051284,-4.905020855002803,4.905020855002803,0.20387273154609828,0.299477442051284,0.45921213389188814,0.21087578391354142,-1.55648602069059
886456.242534049,0.7003889339976013,0.4467683640541509,12.382793817903156,12.382793817903156,0.08075721963117813,0.4467683640541509,0.5593850357702993,0.312911618243739,-1.16183449814416
886657.455210891,0.9294983589788899,0.5825345690827817,-21.263829838588475,21.263829838588475,0.0470282168165799,0.5825345690827817,0.7358430036433861,0.5414649260109203,-0.6134769865485402
887657.114353818,0.35066187696065754,0.46351061505265534,2.8994897998612297,2.8994897998612297,0.3448882627722506,0.35066187696065754,0.4031569201508923,0.16253550226555294,-1.8168588255943114
887799.884175598,0.7808580260025337,0.30542908690404147,-9.695291467939391,9.695291467939391,0.10314285066176944,0.30542908690404147,0.48836129441597453,0.23849675388364616,-1.4333995792971155
889147.421509126,0.6802538329502568,0.7993184709921479,-27.788262742794398,27.788262742794398,0.035986416612506796,0.6802538329502568,0.7373869090513794,0.5437394536403473,-0.6092850923712995
890850.904394975,0.5041763000190258,0.45896220195572823,-7.875289103328725,7.875289103328725,0.12697946537319124,0.45896220195572823,0.48103831950336756,0.23139786483062394,-1.4636166914448032
890871.63439141,0.5342280720360577,0.6486001409357414,20.653789909513716,20.653789909513716,0.04841726406538937,0.5342280720360577,0.5886428482657514,0.3465004028144164,-1.0598712978292866
890887.570905969,0.7407239200547338,0.5433604359859601,14.156731674196338,14.156731674196338,0.0706377731113399,0.5433604359859601,0.6344131714790997,0.40248007214616954,-0.9101096935450412
891264.369556035,0.5816639190306887,0.659640937927179,-9.736525592593503,9.736525592593503,0.10270604133785587,0.5816639190306887,0.6194266164024615,0.38368933310780223,-0.9579220821995738
891909.347012204,0.5946411760523915,0.5744512110250071,-8.64920199229614,8.64920199229614,0.11561760274424182,0.5744512110250071,0.5844590179889696,0.34159234370863073,-1.0741372303498384
892703.298679661,0.5990350219653919,0.48003895301371813,23.048831424733816,23.048831424733816,0.043386147504506235,0.48003895301371813,0.5362463470857554,0.2875601447628164,-1.2463232414488146
893049.228671737,0.2800931349629536,0.17848228593356907,-1.4610243301175514,1.4610243301175514,0.6844512985759393,0.17848228593356907,0.22358815487965286,0.04999166300248764,-2.995899027406889
894186.354432568,0.2835808499949053,0.5240646990714595,-6.4029447237846595,6.4029447237846595,0.156178140393022,0.2835808499949053,0.385505788302859,0.14861471281500874,-1.9063981420773315
894719.492493595,0.7136673979694024,0.2471686409553513,-3.0066539386838977,3.0066539386838977,0.3325956429949933,0.2471686409553513,0.4199954771783132,0.17639620085023902,-1.7350226727715379
895367.909408373,0.783382877940312,0.35358094004914165,14.079890261348934,14.079890261348934,0.07102328082379487,0.35358094004914165,0.5262976861060075,0.2769892544005375,-1.2837765663251008
895757.377398664,0.5222884269896895,0.9316652349662036,36.18642066270847,36.18642066270847,0.027634675706695117,0.5222884269896895,0.697565746042248,0.4865979700514779,-0.7203170203399822
896275.49829562,0.5744416639208794,0.14098042401019484,4.1159466611755295,4.1159466611755295,0.24295747304810708,0.14098042401019484,0.28457868744635006,0.08098502934868741,-2.513490964247258
896760.133396581,0.39688883104827255,0.6919198769610375,10.583719562854906,10.583719562854906,0.09448474083814962,0.39688883104827255,0.5240374711279059,0.27461527114613077,-1.2923841748634357
897198.661256243,0.8846096380148083,0.2339714269619435,11.809913804809144,11.809913804809144,0.08467462307750186,0.2339714269619435,0.4549432704311747,0.206973379310613,-1.5751650963509496
898347.631669194,0.48961226700339466,0.3120066210394725,-4.451479870033103,4.451479870033103,0.2246443944926934,0.3120066210394725,0.39084814064698475,0.1527622690472052,-1.8788723630613657
898401.803810577,0.5524525430519134,0.3957735759904608,-8.410074105885627,8.410074105885627,0.11890501646117119,0.3957735759904608,0.46759610619495084,0.21864611852867977,-1.520300753264861
898795.80480705,0.6354625950334594,0.4080476649105549,-13.641650715930773,13.641650715930773,0.07330491161397323,0.4080476649105549,0.5092141278886562,0.25929902804140464,-1.3497733348386638
899467.439481222,0.6847353219054639,0.194227104075253,3.2455575639332004,3.2455575639332004,0.3081134690423201,0.194227104075253,0.3646836418482935,0.13299415863173442,-2.0174500717870445
899971.443604534,0.3939043030841276,0.5045179839944467,-8.457981996986573,8.457981996986573,0.11823151200325113,0.3939043030841276,0.4457934554014242,0.19873180487874156,-1.6157990774183664
901438.469935882,0.297610069043003,0.4672606799285859,-5.287641326853319,5.287641326853319,0.18912024061115754,0.297610069043003,0.37290948394298984,0.139061483214627,-1.9728391183633502
901515.698630274,0.4648530000122264,0.7111806789180264,-6.890642930921177,6.890642930921177,0.14512433890785206,0.4648530000122264,0.5749734534270051,0.3305944721457765,-1.1068628144071875
902298.025662669,0.8944445060333237,0.11627351806964725,-1.8249415572271117,1.8249415572271117,0.5479627531302643,0.11627351806964725,0.32249063464628297,0.10400020943456237,-2.263362366048923
902450.783083035,0.35604769201017916,0.5821940959431231,8.277128635239432,8.277128635239432,0.12081484341593454,0.35604769201017916,0.45528986828448287,0.20728886416250178,-1.5736419794468621
902949.660854795,0.37376786198001355,0.5846206899732351,-4.47934631534661,4.47934631534661,0.2232468600549856,0.37376786198001355,0.4674531263780107,0.21851242536057644,-1.5209123994245446
902955.792661374,0.7091639660065994,0.24997871404048055,8.627005629397768,8.627005629397768,0.11591507447176753,0.24997871404048055,0.4210414424568878,0.17727589626617676,-1.7300480240091907
904265.592739433,0.7490002170670778,0.1849545509321615,2.9069659398122383,2.9069659398122383,0.344001278551131,0.1849545509321615,0.37219752658465216,0.13853099879573286,-1.9766611603785282
905643.663849175,0.3578410600312054,1.0011458540102467,5.480143170775619,5.480143170775619,0.18247698442127877,0.3578410600312054,0.5985408036590931,0.3582510936448731,-1.0265211595363715
905909.736133577,0.30305813893210143,0.9490785710513592,-22.11911457338853,22.11911457338853,0.04520976627170684,0.30305813893210143,0.5363077339020603,0.2876259854431631,-1.2460943044937085
906080.523085302,0.23737758700735867,0.7120053999824449,7.065932726947917,7.065932726947917,0.1415241325729326,0.23737758700735867,0.4111132736655946,0.16901412378404204,-1.7777729948644267
906217.756325029,0.7657821219181642,0.2911205410491675,-16.419098225623117,16.419098225623117,0.06090468467016247,0.2911205410491675,0.47215983062793,0.22293490565859553,-1.5008754530102086
906388.548349801,0.4635814019711688,0.34347535902634263,4.597766809618823,4.597766809618823,0.21749689390682797,0.34347535902634263,0.3990348211371816,0.15922878847998248,-1.8374131897593249
906618.221798094,0.3060006939340383,0.583022529957816,12.970279555152015,12.970279555152015,0.07709934051519984,0.3060006939340383,0.42238051416497696,0.1784052987462703,-1.723697357784762
907277.806239943,0.7023836160078645,0.5665219969814643,-30.23893384197968,30.23893384197968,0.033069949001037005,0.5665219969814643,0.6308056505674607,0.3979157687878374,-0.9215149323072664
907871.812104254,0.39337423304095864,0.23438848601654172,4.395302786406931,4.395302786406931,0.22751561123220804,0.23438848601654172,0.30364846602673384,0.09220239092038855,-2.3837692168643985
908526.316185608,0.3870417990256101,0.443194855004549,4.948322630663588,4.948322630663588,0.20208868229473073,0.3870417990256101,0.4141677606958985,0.17153493399985506,-1.7629683363273592
908563.621978568,0.2209899170557037,0.8077434019651264,-7.213683858016595,7.213683858016595,0.13862542629847802,0.2209899170557037,0.4224963282711049,0.1785031474025652,-1.7231490454105258
908678.210539451,0.8486895220121369,0.5122946420451626,-17.82569395158687,17.82569395158687,0.056098797764391015,0.5122946420451626,0.6593778089128325,0.4347790948866878,-0.8329172047283797
908708.668320763,0.5573980390327051,0.6857148699928075,-10.86103537592745,10.86103537592745,0.09207225327857912,0.5573980390327051,0.6182363009962754,0.3822161238695572,-0.9617690610706322
908763.624061664,0.5355211689602584,0.40999965800438076,-14.978645895953976,14.978645895953976,0.06676170909882578,0.40999965800438076,0.46857603025316197,0.21956349612781215,-1.516113812090495
908908.674248338,0.7634549150243402,0.5951604980509728,-19.678245975461483,19.678245975461483,0.05081753735810534,0.5951604980509728,0.6740758172975422,0.4543782074653494,-0.7888253716483481
909575.409640058,0.6605870769126341,0.33922371605876833,7.461908771217119,7.461908771217119,0.13401396755978953,0.33922371605876833,0.47337807618298416,0.22408680301070313,-1.4957217887504
909932.845510444,0.5356579290237278,0.6507016869727522,9.477879433367445,9.477879433367445,0.10550883317627358,0.5356579290237278,0.5903842122347704,0.34855351805607043,-1.0539634936963627
910068.958008622,0.7115266351029277,0.3695868729846552,-12.548085756473554,12.548085756473554,0.07969343048871819,0.3695868729846552,0.5128068877394149,0.26297090411298485,-1.3357118836735122
910909.956584636,0.4262835719855502,0.4515447119483724,5.813107092419532,5.813107092419532,0.1720250434236848,0.4262835719855502,0.4387323702674998,0.19248609272053854,-1.6477313734717298
911051.191939694,0.5861125160008669,0.3454516000347212,-14.067285154836323,14.067285154836323,0.0710869218184719,0.3454516000347212,0.44997056176251754,0.2024735064528756,-1.5971462333263178
911355.661432319,0.6708269729278982,0.38464786601252854,-12.634626461760988,12.634626461760988,0.07914757140043079,0.38464786601252854,0.507968663994503,0.2580321636003603,-1.3546710367128942
911478.302435808,0.452887105057016,0.5760235539637506,-8.307764713885495,8.307764713885495,0.12036932128429352,0.452887105057016,0.5107579072312995,0.26087363979929684,-1.3437191275924356
911482.208489551,0.5894217329332605,0.37654465704690665,7.83739133540262,7.83739133540262,0.12759347558451709,0.37654465704690665,0.4711089091530195,0.22194360428334797,-1.5053319641418468
911739.296175405,1.0677802810678259,0.3495989559451118,21.980849786012865,21.980849786012865,0.04549414648365109,0.3495989559451118,0.6109786178256077,0.37329487144008994,-0.9853866315966634
911940.616100559,0.5943224240327254,0.4515339230420068,-6.256496195397955,6.256496195397955,0.15983387007180835,0.4515339230420068,0.5180315971785231,0.2683567356753316,-1.3154380803376888
912222.028761898,0.2868574510794133,0.5713929809862748,3.4362720885728946,3.4362720885728946,0.2910130438522132,0.2868574510794133,0.4048559423923409,0.16390833409039046,-1.808447945895507
912261.499231081,0.222492108005099,0.4357254810165614,-2.479437097974224,2.479437097974224,0.40331735006184694,0.222492108005099,0.31136069241782993,0.09694548078291049,-2.3336065122746206
912433.405619744,0.4737341229338199,0.5331082260236144,5.941128246410787,5.941128246410787,0.16831819791200936,0.4737341229338199,0.5025450804496067,0.2525515578841016,-1.3761398614705835
912836.833490565,1.1526129998965189,0.374703441048041,18.167437210334395,18.167437210334395,0.05504353687437865,0.374703441048041,0.6571819057596846,0.43188805725793095,-0.8395888510349081
914574.065368532,0.3158978989813477,0.48261043801903725,10.157662342268848,10.157662342268848,0.09844784816667146,0.3158978989813477,0.39045566124296593,0.15245562339668178,-1.8808817194017946
915984.361032815,0.348692980944179,0.5001406990922987,2.884114034188213,2.884114034188213,0.3467269283204568,0.348692980944179,0.41760693391992343,0.1743955512579993,-1.7464292766743612
917146.194943094,0.5616625050315633,0.5854212389094755,-7.4645664912182745,7.4645664912182745,0.13396625258499,0.5616625050315633,0.5734188343127363,0.32880915954457735,-1.1122777586924517
917463.928758973,0.5930921910330653,0.39040134893730283,7.193246379091175,7.193246379091175,0.1390192893860455,0.39040134893730283,0.481190182176953,0.2315439914234892,-1.4629853957615802
918050.256116772,0.24521527299657464,0.585847222013399,3.8387468251339545,3.8387468251339545,0.26050168077054797,0.24521527299657464,0.3790233323692626,0.1436586864803005,-1.940315025630097
918227.071790413,0.5022029640385881,0.7464805679628626,-13.101317825727897,13.101317825727897,0.07632819944542037,0.5022029640385881,0.6122783303597786,0.3748847538281583,-0.9811366233700666
918639.62088495,0.17089035408571362,1.0626752519747242,4.092726649231512,4.092726649231512,0.2443358879557151,0.17089035408571362,0.4261466297978732,0.18160095008808558,-1.705943581066044
919157.125646438,1.2916283049853519,0.20428732701111585,5.022347568673004,5.022347568673004,0.1991100747860464,0.20428732701111585,0.5136762539940462,0.26386329391735586,-1.3323241360246643
919294.297768301,0.6764124690089375,0.14943757106084377,2.37928005954523,2.37928005954523,0.42029520484071875,0.14943757106084377,0.3179330690632289,0.10108143640396387,-2.291828785997582
919384.122991388,0.3010111949406564,1.0849584710085765,-8.304686430085686,8.304686430085686,0.12041393837306898,0.3010111949406564,0.5714758488503947,0.32658464581927915,-1.1190661117392473
920361.532265875,0.5577821549959481,0.647230006987229,-13.490547631051736,13.490547631051736,0.0741259752642109,0.5577821549959481,0.6008438633084132,0.3610133480753791,-1.0188403460547664
921583.101533642,0.9096074970439076,0.2702235389733687,-9.55547428002812,9.55547428002812,0.10465205291694397,0.2702235389733687,0.49577954468484553,0.24579735692791274,-1.4032478348457185
921594.161677554,0.4358399100601673,0.3827985980315134,5.590157558256542,5.590157558256542,0.17888583453663512,0.3827985980315134,0.40845918588913255,0.16683890653721295,-1.7907265636354732
922021.584141998,0.1987211980158463,0.8369940579868853,6.262092450707228,6.262092450707228,0.15969103105257765,0.1987211980158463,0.40783386560620316,0.1663284619352986,-1.7937907592897324
922099.169017937,0.42733783507719636,0.6944458879297599,-18.320275520276894,18.320275520276894,0.05458433192738828,0.42733783507719636,0.5447595821334077,0.2967630023261649,-1.2148214306943146
922500.742940893,0.4578725181054324,0.5521546408999711,-9.639364281314576,9.639364281314576,0.1037412811484311,0.4578725181054324,0.502808547871325,0.25281643581247054,-1.3750916037418481
922565.460047651,0.8671444369247183,0.40397535904776305,-9.895298703065881,9.895298703065881,0.10105809132271751,0.40397535904776305,0.5918656817665081,0.3503049852529334,-1.0489511174984782
923146.061409365,0.6820787520846352,0.32140338397584856,-5.2133243085420995,5.2133243085420995,0.1918161888301265,0.32140338397584856,0.4682119381840083,0.2192224190580256,-1.5176684524136148
923605.006399361,0.5124916499480605,0.6455469310749322,26.143770838215104,26.143770838215104,0.03825002927803632,0.5124916499480605,0.5751846762784096,0.3308374118254989,-1.1061282272288728
923773.84761495,0.6420748210512102,0.5394926560111344,8.153178205381284,8.153178205381284,0.12265155682970073,0.5394926560111344,0.5885530142364332,0.3463946505667912,-1.0601765453496155
924198.635491679,0.5970267049269751,0.22556148504372686,2.5947193373584474,2.5947193373584474,0.3853981375180444,0.22556148504372686,0.3669689771276196,0.1346662301740914,-2.004955930975849
924741.225071562,0.16239929699804634,0.7305125120328739,1.9329735572312507,1.9329735572312507,0.5173376512363564,0.16239929699804634,0.34443391006463864,0.11863471840241559,-2.1317060999922326
924878.622050686,0.5970591669902205,0.26295657898299396,4.16218445962983,4.16218445962983,0.24025845315104954,0.26295657898299396,0.39623305768472233,0.1570006360021845,-1.8515054226727061
924898.167001071,0.680539689026773,0.5612700729398057,-18.424640495204905,18.424640495204905,0.05427514313021491,0.5612700729398057,0.6180344334246188,0.38196656089848957,-0.9624222111220899
926787.701082503,0.7112462889635935,0.10912156908307225,-2.232023249584435,2.232023249584435,0.44802400700180117,0.10912156908307225,0.27858986172547545,0.07761231105621953,-2.5560292167444736
927843.761332624,0.5667990910587832,0.4688250489998609,10.978404672509058,10.978404672509058,0.09108791576102972,0.4688250489998609,0.5154896814085717,0.26572961163871067,-1.325275984783326
927927.377630923,0.5264283379074186,0.594644082011655,-14.682080489625003,14.682080489625003,0.0681102382395086,0.5264283379074186,0.5594975386361215,0.31303749573987827,-1.1614323009206988
928669.972026594,0.3122373450314626,0.4969585060607642,6.978499007172309,6.978499007172309,0.1432972905738365,0.3122373450314626,0.3939149711844106,0.15516900452321503,-1.8632404043019548
929088.122473709,0.47525883303023875,0.642185375909321,21.152756163261937,21.152756163261937,0.047275163211912684,0.47525883303023875,0.5524529593945072,0.3052042723437491,-1.1867739811647375
929579.618196498,0.5404010789934546,0.7144194620195776,-15.859123483792049,15.859123483792049,0.06305518719379387,0.5404010789934546,0.6213477674614298,0.3860730481293031,-0.9517286835633681
929865.614698227,0.4935830070171505,0.5364674079464749,-8.613866050231675,8.613866050231675,0.11609189116344623,0.4935830070171505,0.5145786590803367,0.26479119638091747,-1.3288137017675832
931341.305436481,0.4611491960240528,0.5139378849416971,-6.0387701491165355,6.0387701491165355,0.16559663231201122,0.4611491960240528,0.48682855549686666,0.23700204244716577,-1.439686519963609
931506.71046078,0.2787566469050944,0.5781620750203729,-4.07549654010107,4.07549654010107,0.24536887472739716,0.2787566469050944,0.4014555036369171,0.16116652140037077,-1.8253171540993676
931685.823764903,0.43721050303429365,0.3918336069909856,6.05922859685894,6.05922859685894,0.1650375099758396,0.3918336069909856,0.4139006745805937,0.17131376841827053,-1.7642585008267586
931780.316390742,0.414733003010042,0.3958900470752269,-8.35362155948248,8.35362155948248,0.11970855908176328,0.3958900470752269,0.4052020089847726,0.16418866808529575,-1.8067390972241397
932001.778766286,0.9543550099479035,0.5221619580406696,14.595416055005813,14.595416055005813,0.06851466215360325,0.5221619580406696,0.7059234240768045,0.49832788066031997,-0.6964970237040781
932385.092608469,0.4270952119259164,0.41680333705153316,-6.538472163482748,6.538472163482748,0.15294092794108421,0.41680333705153316,0.42191789434610816,0.1780147095694537,-1.725889094073747
933491.032851859,0.5093013120349497,0.1740629420382902,-1.9123862854963822,1.9123862854963822,0.5229069082873277,0.1740629420382902,0.2977423126745082,0.0886504847567646,-2.423053778267456
933621.0456552,1.0387225730810314,0.4314989409176633,-26.939955183676854,26.939955183676854,0.037119586620764256,0.4314989409176633,0.6694831515368667,0.4482076901917352,-0.8024985598157524
933900.977871824,0.6032591609982774,0.3554719128878787,16.56401039808769,16.56401039808769,0.060371852949056934,0.3554719128878787,0.46307849002862833,0.21444168792719445,-1.5397174287275597
933918.310920857,0.5236631470033899,0.6715603530174121,-13.602282745381983,13.602282745381983,0.07351707200319028,0.5236631470033899,0.5930188933447277,0.3516714078638055,-1.04505803975379
934102.44595686,0.16542484995443374,0.7158593940548599,4.351210715828361,4.351210715828361,0.2298210924059156,0.16542484995443374,0.34412342676719504,0.11842093284999705,-2.133509774439537
935864.407462581,0.5588929579826072,0.5720041260356084,4.527368499815069,4.527368499815069,0.2208788615375239,0.5588929579826072,0.5654105393236822,0.3196890779782972,-1.1404063868458798
936516.06798252,0.7109241919824854,0.33047934900969267,-4.799894974120072,4.799894974120072,0.20833789184800286,0.33047934900969267,0.4847120425176308,0.23494576416161353,-1.448400582275918
937816.163760903,0.1454108429607004,0.5580859060864896,-3.930204384479762,3.930204384479762,0.2544396937596845,0.1454108429607004,0.28487144828592903,0.08115174204852273,-2.511434518233802
937936.990480939,0.7081951420987025,0.2666142639936879,-11.284826128874254,11.284826128874254,0.08861456867654526,0.2666142639936879,0.4345283955906113,0.1888149265745508,-1.6669879681492719
938272.630744234,0.23476231191307306,0.7297595350537449,4.644816568143207,4.644816568143207,0.21529375494794964,0.23476231191307306,0.4139082453755016,0.17132003558982645,-1.7642219184960997
938435.772226543,0.26871921599376947,0.6558258259901777,-10.299118989396774,10.299118989396774,0.09709568372105687,0.26871921599376947,0.4198011455302937,0.17623300178854684,-1.7359482856936828
938489.230821571,0.9096250659786165,0.48747202300000936,22.285560880435305,22.285560880435305,0.04487210375207155,0.48747202300000936,0.6658954655830847,0.44341677108411315,-0.8132451586899849
939187.812758984,0.5309396540978923,0.44429171399679035,-11.300605118556415,11.300605118556415,0.08849083650909342,0.44429171399679035,0.4856872336679394,0.23589208894801558,-1.4443808287475597
939221.723488629,0.2528300150297582,0.634120861068368,7.444491835919291,7.444491835919291,0.13432750307751717,0.2528300150297582,0.40040577772379693,0.1603247868345987,-1.8305536035311367
939422.633407838,1.1682880038861185,0.5130214641103521,23.263984892409564,23.263984892409564,0.04298489724029498,0.5130214641103521,0.7741813884718601,0.5993568222562172,-0.511898161635461
939752.627001448,0.7144932579249144,0.3280445300042629,4.230244576559904,4.230244576559904,0.2363929512589115,0.3280445300042629,0.48413387093570837,0.23438560498719313,-1.4507876353357618
939885.984615909,0.5773434930015355,0.35402447800152004,-10.415893532726383,10.415893532726383,0.09600712573127154,0.35402447800152004,0.4520992465570396,0.20439372873744285,-1.5877071024469342
940274.113718991,0.8859990990022197,0.4983790839323774,-22.766539585743853,22.766539585743853,0.04392411047949459,0.4983790839323774,0.6645023847403695,0.44156341932563803,-0.8174336241224135
940307.1473521,0.3793393810046837,0.594843490049243,5.8258238669147815,5.8258238669147815,0.17164954225256665,0.3793393810046837,0.4750237481536534,0.22564756130994554,-1.4887809601686106
940583.605515846,0.7103226640028879,0.5452793409349397,15.573810703057445,15.573810703057445,0.06421036052555078,0.5452793409349397,0.6223538174371916,0.38732427407864534,-0.9484930192933785
941389.891440831,0.969517452060245,0.2811680940212682,-14.264912128729732,14.264912128729732,0.07010207921196977,0.2811680940212682,0.5221085846029878,0.2725973741161353,-1.2997593925022137
942108.392844884,0.3003398319706321,0.5784829200711101,6.94028259680272,6.94028259680272,0.14408635182387017,0.3003398319706321,0.4168230595972802,0.1737414630120378,-1.750186929488005
942323.571044203,0.7713075639912859,0.10608851199503988,7.353861402937332,7.353861402937332,0.13598298162113484,0.10608851199503988,0.2860539665069417,0.08182687175435452,-2.503149583765115
943347.006913659,0.6667565270327032,0.7018560689175501,34.25175861385695,34.25175861385695,0.02919558120427248,0.6667565270327032,0.6840812195845544,0.4679671149882913,-0.7593572526523757
944879.263867521,0.6227233979152516,0.6644081260310486,-29.440862449689295,29.440862449689295,0.03396639625312857,0.6227233979152516,0.6432281755680167,0.4137424858445593,-0.8825115135565422
945195.576436867,0.5736719910055399,0.4962927569868043,-27.13930519986742,27.13930519986742,0.03684692709100324,0.4962927569868043,0.5335815345589169,0.2847092540222486,-1.2562867807576699
945198.393103551,0.5986907440237701,0.3980279660318047,7.440888787828012,7.440888787828012,0.13439254751876206,0.3980279660318047,0.48815536371717666,0.23829565912584905,-1.4342431110490232
945202.810515673,0.3926856790203601,0.7679040969815105,-5.927166152667553,5.927166152667553,0.16871468999564734,0.3926856790203601,0.5491310788379227,0.3015449417457009,-1.1988362134068908
946155.593427263,0.3179846180137247,0.48490934702567756,-9.528399455683502,9.528399455683502,0.10494942037757661,0.3179846180137247,0.39267507367446275,0.15419371348524474,-1.8695455872621485
946314.136277442,0.6008945179637522,0.3498881490668282,-3.5260634481671227,3.5260634481671227,0.2836023839899445,0.3498881490668282,0.45852575791850686,0.21024587067474118,-1.559477620394523
949696.883218442,0.19946613698266447,0.4509444530121982,-4.294975727162282,4.294975727162282,0.2328301866005437,0.19946613698266447,0.29991356760924276,0.08994814803610383,-2.408521907612402
951711.805503477,0.4196242600446567,0.6253149510594085,9.548431177729368,9.548431177729368,0.10472924623810312,0.4196242600446567,0.5122473266237365,0.262397323633165,-1.33789542153295
951826.287580566,0.44946142297703773,0.483614235999994,-4.740834971380011,4.740834971380011,0.21093330732601093,0.44946142297703773,0.46622520597293987,0.21736594268451023,-1.5261729739520353
951897.835313826,0.6702991049969569,0.559504225035198,-16.01936209628104,16.01936209628104,0.06242445822684501,0.559504225035198,0.6124011604194666,0.3750351812831092,-0.9807354406572849
952189.706319343,0.6839412508998066,0.6208997900830582,-12.249404537751136,12.249404537751136,0.0816366213490725,0.6208997900830582,0.6516586369509992,0.4246589791128342,-0.8564688342420366
953284.814766739,0.5992566420463845,0.4858299469342455,7.837135211781392,7.837135211781392,0.127597645437675,0.4858299469342455,0.5395709616031882,0.29113682260538915,-1.2339619415364562
953602.312730777,0.7194956749444827,0.5664531100774184,-17.98771606946933,17.98771606946933,0.05559349481267979,0.5664531100774184,0.6384047013921135,0.40756056275955355,-0.8975657370752748
954087.071709513,0.4640869179274887,0.4446636469801888,8.48958106223154,8.48958106223154,0.11779144255407388,0.4446636469801888,0.45427148429263386,0.20636258144143269,-1.5781205532759406
955617.073839818,0.3741696330253035,0.6054378249682486,-6.459794351774402,6.459794351774402,0.1548036896445962,0.3741696330253035,0.47595845279604765,0.2265364487880075,-1.4848494252042148
956163.774612173,0.8218697749543935,0.06617071200162172,-3.4341102165201622,3.4341102165201622,0.29119624500966534,0.06617071200162172,0.2332031478804367,0.05438370818134483,-2.911690651934491
956710.933696898,0.6499877930618823,0.27401872898917645,4.300681887487799,4.300681887487799,0.23252126666456147,0.27401872898917645,0.4220294171184004,0.17810882891329682,-1.7253605171285922
956820.805333476,0.5989596490981057,0.3576579539803788,-4.394050503850549,4.394050503850549,0.22758045205071958,0.3576579539803788,0.46284196289147567,0.21422268261323413,-1.5407392320220072
957080.616532402,1.1609777549747378,0.6057953380513936,43.507880375394436,43.507880375394436,0.02298434194844258,0.6057953380513936,0.8386387252834616,0.7033149115450693,-0.3519505336391692
957725.736806809,0.41839638096280396,0.778075200971216,13.931686289150765,13.931686289150765,0.07177881982447058,0.41839638096280396,0.5705644995995309,0.32554384820326315,-1.1222581161042475
958392.287007797,0.5598682670388371,0.5763938259333372,9.838905124581624,9.838905124581624,0.10163732522448962,0.5598682670388371,0.5680709572378988,0.3227046124571826,-1.131017886697635
958998.258423508,0.5705698640085757,0.5493681819643825,-5.792389218897296,5.792389218897296,0.17264033237572582,0.5493681819643825,0.5598686710953348,0.3134529288740562,-1.160106077314568
959358.816521403,0.5036394890630618,0.3532847589813173,3.994791126758917,3.994791126758917,0.25032597907348597,0.3532847589813173,0.42181530971162906,0.17792815550711755,-1.7263754309133605
961045.39661759,0.6786208569537848,0.39915477600879967,6.9663562967984864,6.9663562967984864,0.14354706497851222,0.39915477600879967,0.520456296102072,0.2708747561522877,-1.3060987193483076
961669.534109701,0.518359053065069,0.6080730590038002,6.429077371522981,6.429077371522981,0.15554331394881168,0.518359053065069,0.5614269098106981,0.3152001750595897,-1.154547365606468
962036.487669521,0.2667530180187896,0.39278200699482113,3.343839379109573,3.343839379109573,0.2990574266956234,0.2667530180187896,0.32369087999099677,0.10477578578934586,-2.255932585420114
962722.52095148,0.5301141269737855,0.5028798079583794,-4.267406362268354,4.267406362268354,0.23433437435014898,0.5028798079583794,0.516317431788431,0.2665836903686012,-1.3220670495207303
963937.051211651,0.5294585049850866,0.6048809350468218,-9.702728428389287,9.702728428389287,0.10306379358965591,0.5294585049850866,0.5659146186165114,0.3202593555638716,-1.138624125317797
964350.890450809,0.7461200510151684,0.2812700319336727,-9.336807007515578,9.336807007515578,0.10710299561670913,0.2812700319336727,0.45810611278980984,0.20986121057538995,-1.5613088687786356
964938.331186763,0.720955758006312,0.43298745702486485,26.376771753680256,26.376771753680256,0.037912145176009784,0.43298745702486485,0.5587171021962608,0.3121648002865869,-1.1642240245776119
965139.813462502,0.31612727092579007,0.9545685229822993,-12.990694519898945,12.990694519898945,0.07697817837746977,0.31612727092579007,0.5493315411316345,0.3017651420820566,-1.1981062393784887
965202.792459307,0.9840349350124598,0.35919319500681013,14.235186745982434,14.235186745982434,0.07024846374300132,0.35919319500681013,0.5945238870772512,0.3534586523054442,-1.0399887670907546
966761.738541181,0.5745942969806492,1.0185691280057654,49.19833935099075,49.19833935099075,0.020325889312356682,0.5745942969806492,0.7650254976356445,0.5852640120326656,-0.5356922309367373
966944.335901524,0.4594593660440296,0.34218034194782376,-9.757530443046923,9.757530443046923,0.10248494799343268,0.34218034194782376,0.3965072042019872,0.15721796298407636,-1.8501221371686194
967330.610602619,0.7199756229529157,0.08591174194589257,-1.8609940503777993,1.8609940503777993,0.5373472310655645,0.08591174194589257,0.2487053677073821,0.061854359926464146,-2.782972690688482
967939.357724953,0.44618698896374553,0.6998782040318474,-21.629190866721324,21.629190866721324,0.046233814577807446,0.44618698896374553,0.5588170975357893,0.3122765484983239,-1.1638661103775114
968641.037629708,0.6185297640040517,0.3997709290124476,3.943009914147721,3.943009914147721,0.25361336181579175,0.3997709290124476,0.49726272570719565,0.2472702183777497,-1.3972735388083917
969731.762894113,0.703461138997227,0.29330447199754417,6.867668018470311,6.867668018470311,0.14560983398011393,0.29330447199754417,0.45423374813456197,0.20632829794437269,-1.5782866994102573
969963.507081383,0.6090817099902779,0.6337170759215951,-14.26076025294701,14.26076025294701,0.07012248872168987,0.6090817099902779,0.6212772973901138,0.3859854802523639,-0.9519555261513213
971154.047242333,0.5617735330015421,0.4845941230887547,-10.442623207237439,10.442623207237439,0.09576137912425423,0.4845941230887547,0.5217587110910118,0.2722321525993539,-1.301100074508522
971319.610628013,0.5012355560902506,0.41263870196416974,11.430328460217499,11.430328460217499,0.08748654979429801,0.41263870196416974,0.4547847724400739,0.20682918924336982,-1.5758619990965406
972118.645986531,0.57273532403633,0.44394954992458224,-14.6701459748434,14.6701459748434,0.06816564754807593,0.44394954992458224,0.5042475476706242,0.25426558933183846,-1.369375930960338
974009.357429331,0.8064448310760781,0.4674675129354,-10.448458268753221,10.448458268753221,0.09570790008230819,0.4674675129354,0.6139924751189896,0.376986759502743,-0.9755452128332511
974127.880412283,0.7664039770606905,0.34557424404192716,-9.222216039567396,9.222216039567396,0.1084338076346896,0.34557424404192716,0.514635283480908,0.2648494750034746,-1.328593633234553
975139.238488848,0.18683344800956547,0.9744785820366815,-6.539945976895679,6.539945976895679,0.15290646184736081,0.18683344800956547,0.4266909812655822,0.1820651934933854,-1.703390450038185
977666.301549213,0.6458465369651094,0.40699266199953854,14.79598147618685,14.79598147618685,0.06758591862320412,0.40699266199953854,0.5126936720134287,0.26285480132261324,-1.3361534854858932
978202.476010235,0.6196933010360226,0.5253353939624503,12.258858806912494,12.258858806912494,0.08157366160674945,0.5253353939624503,0.5705671077407549,0.32554682443565025,-1.1222489738065238
978353.055651145,0.7287479341030121,0.33249701792374253,-8.19419318974479,8.19419318974479,0.1220376401732292,0.33249701792374253,0.49224639654073604,0.24230651490733957,-1.4175517637483677
978502.279937119,0.3628526480169967,0.5105109889991581,-4.483394771407032,4.483394771407032,0.22304527060109144,0.3628526480169967,0.43039547418638174,0.1852402642001204,-1.6861015711121252
979544.661419354,0.7238576770760119,0.4372217080090195,16.35865655364382,16.35865655364382,0.0611297142109909,0.4372217080090195,0.5625711421025924,0.3164862899266152,-1.1504753561035563
979600.465170219,0.32214767893310636,0.4989050660515204,-3.6048479607729442,3.6048479607729442,0.2774042097979583,0.32214767893310636,0.4009003729562563,0.16072110903646541,-1.8280846580732741
980056.999574673,0.3339673470472917,0.7266301210038364,6.1253669106411,6.1253669106411,0.16325552649960962,0.3339673470472917,0.4926162134931247,0.2426707337963038,-1.416049759444407
981589.6917395,0.19678312807809561,0.5853897319175303,-4.526044411754893,4.526044411754893,0.2209434793443107,0.19678312807809561,0.3394036278408488,0.11519482259152942,-2.161130474512166
981751.132604889,0.5684850219404325,0.24120710405986756,3.0472108333515413,3.0472108333515413,0.3281689566914962,0.24120710405986756,0.37030072352570687,0.137122625843662,-1.9868796743476622
982323.630213057,0.37709803506731987,0.6525729689747095,14.18006954132531,14.18006954132531,0.07052151592667981,0.37709803506731987,0.49606852786526384,0.24608398433841006,-1.402082401563774
982636.209307123,0.6982743910048157,0.3547832820331678,6.101632809350357,6.101632809350357,0.1638905570436105,0.3547832820331678,0.4977309315286724,0.2477360802004,-1.3953912922126277
982794.503974607,0.5399652299238369,0.29178781306836754,6.142251787891579,6.142251787891579,0.1628067416531723,0.29178781306836754,0.39693232870658773,0.15755527357243462,-1.847978938965606
984667.309597495,0.653038323041983,0.5065890189725906,-5.955055204320586,5.955055204320586,0.1679245558083941,0.5065890189725906,0.5751713165843233,0.3308220434213438,-1.1061746813497533
984906.12912003,0.5487348589813337,0.26472515100613236,3.1555716685120205,3.1555716685120205,0.3168997902911013,0.26472515100613236,0.3811350395937932,0.14526391840616232,-1.9292030640463458
984918.78198352,0.360119680990465,0.5635512509616092,12.652213611775352,12.652213611775352,0.07903755269111999,0.360119680990465,0.4504951683626276,0.20294589671807217,-1.5948158540929378
988053.779172891,0.5369149170583114,1.032664367929101,27.038577209143753,27.038577209143753,0.03698419455524552,0.5369149170583114,0.7446159435949024,0.5544529034557268,-0.589773410955399
988186.208276659,0.417808462982066,1.0180997960269451,11.774483132513463,11.774483132513463,0.08492941802588773,0.417808462982066,0.6522045008587205,0.4253707109403728,-0.8547942292201343
990270.169387757,0.21858612191863358,0.7130993180908263,-2.7007745744209837,2.7007745744209837,0.37026414920778383,0.21858612191863358,0.3948083262600927,0.15587361448429582,-1.8587097636546672
990816.161900579,0.3685621760087088,0.556089601945132,-7.253258143265131,7.253258143265131,0.1378690762479659,0.3685621760087088,0.4527180068748255,0.20495359374871455,-1.5849716974272179
991492.675529843,0.5476963199907914,0.5002546450123191,-12.982119077589891,12.982119077589891,0.07702902692721629,0.5002546450123191,0.5234382753788137,0.27398762813154687,-1.2946723264180588
991730.204863261,0.43208682094700634,0.4274122710339725,4.614365172188519,4.614365172188519,0.2167145344341519,0.4274122710339725,0.4297431900854386,0.18467920942480942,-1.6891349621365195
993304.558741474,0.6457478309748694,0.4553705060388893,-19.600713138780524,19.600713138780524,0.051018551872047645,0.4553705060388893,0.5422679379831906,0.29405451656454146,-1.2239900983419265
994068.707072527,0.17704399907961488,0.31684554694220424,-1.4309567598916448,1.4309567598916448,0.6988331360031607,0.17704399907961488,0.2368451028018432,0.05609560272121568,-2.8806978523916147
994103.829596552,0.5268866159021854,0.6002803000155836,7.067723134673214,7.067723134673214,0.14148828143736228,0.5268866159021854,0.5623874606247542,0.3162796558679595,-1.1511284698413426
994636.13716125,0.9201138759963214,0.5319726769812405,31.644083523676567,31.644083523676567,0.031601484026288366,0.5319726769812405,0.6996252151983576,0.48947544174134827,-0.7144209883593091
994750.04065338,0.5592323839664459,0.4513542209751904,-5.135984584248569,5.135984584248569,0.19470463425199455,0.4513542209751904,0.5024061076552252,0.25241189700927374,-1.3766930138899736
995603.059529097,0.33062312309630215,0.22195555490907282,-3.0548520449748153,3.0548520449748153,0.32734809584149405,0.22195555490907282,0.2708941467669806,0.07338363875261043,-2.612054273486528
995958.0366817,0.7077494789846241,0.07883874198887497,-3.2569137082526134,3.2569137082526134,0.30703914490154427,0.07883874198887497,0.23621616914688434,0.055798078566429474,-2.8860158444811246
996118.315059252,0.4152343289460987,0.5763154330197722,-8.567886749286478,8.567886749286478,0.11671489472982105,0.4152343289460987,0.48918907601381023,0.2393059520912454,-1.4300124114509116
996141.050791512,0.4285536480601877,0.8083625950384885,23.982834542595235,23.982834542595235,0.041696489137842664,0.4285536480601877,0.5885802740995866,0.34642673905914445,-1.060083913993665
996262.580098875,0.22998213197570294,0.7206147609977052,3.893880137754537,3.893880137754537,0.2568132465876735,0.22998213197570294,0.40709767755099496,0.16572851906741387,-1.7974042567014052
996561.029379986,0.24427772604394704,0.5471457920502871,4.4494072965763545,4.4494072965763545,0.22474903584786698,0.24427772604394704,0.36558929127719053,0.13365552989655846,-2.012489461296878
997354.087921947,0.6407049569534138,1.0687461800407618,44.05751384655729,44.05751384655729,0.022697603942945618,0.6407049569534138,0.8274968128501412,0.6847509752771417,-0.3787000465579021
998347.340247145,0.34685767407063395,0.3798387829447165,-2.671792256764196,2.671792256764196,0.3742805966550328,0.34685767407063395,0.3629738238138182,0.13174999677402474,-2.0268491160462463
998619.764088614,0.29389830108266324,0.4343649829970673,3.900456797529712,3.900456797529712,0.2563802272168052,0.29389830108266324,0.3572941792873737,0.12765913055263797,-2.0583916098257187
998668.859138827,0.6512537449598312,1.0482747710775584,52.76430531229636,52.76430531229636,0.01895220630843702,0.6512537449598312,0.8262523043303236,0.6826928704111697,-0.3817101978361484
998986.514993137,0.5141772809438407,0.72879947302863,-18.92002842885068,18.92002842885068,0.052854043204032655,0.5141772809438407,0.6121536828241458,0.374732131395165,-0.9815438245367178
999815.341816494,0.3511768539901823,0.7063627450261265,-6.189145373436829,6.189145373436829,0.16157319624319966,0.3511768539901823,0.4980544614539101,0.24805824657414438,-1.3940916951753484
1001049.591341485,0.4462475780164823,0.6872752399649471,12.266957113074861,12.266957113074861,0.08151980892915488,0.4462475780164823,0.553800425482912,0.3066949112650543,-1.181901799897021
1001577.76433274,0.5362048069946468,0.6201183230150491,-14.693712637137436,14.693712637137436,0.06805631937244797,0.5362048069946468,0.5766371698963989,0.33251042570612843,-1.1010840638706487
1002288.108198871,0.5824425430037081,0.5221420659217983,-12.1264287093806,12.1264287093806,0.08246450987061289,0.5221420659217983,0.55146872321529,0.30411775268470204,-1.1903403082168023
1002654.362899118,0.6010135289980099,0.8970387519802898,12.644170736615548,12.644170736615548,0.07908782796677649,0.6010135289980099,0.7342563761899821,0.5391324259756445,-0.6177940499830576
1002980.738123899,0.5693402169272304,0.4673998219659552,6.187639087629249,6.187639087629249,0.16161252875903323,0.4673998219659552,0.5158580386403276,0.2661095160298458,-1.3238473405336384
1002984.388638609,0.25282210297882557,0.5946030010236427,-7.628678074516174,7.628678074516174,0.13108430978894361,0.25282210297882557,0.38772255693513386,0.15032878115631812,-1.894930509162676
1003302.357335267,0.7114134209696203,0.7565652820048854,-46.28038826877257,46.28038826877257,0.021607424600513656,0.7114134209696203,0.7336420758503025,0.538230695457941,-0.6194680087632096
1003654.747582431,0.7414248120039701,0.46939675603061914,-23.408646199648636,23.408646199648636,0.042719258152357824,0.46939675603061914,0.5899342349747769,0.34802240159527525,-1.0554884288792605
1004002.809844445,0.3719671949511394,0.8512787449872121,-5.4602507518842724,5.4602507518842724,0.18314177231785755,0.3719671949511394,0.562714640732245,0.3166477668944196,-1.1499652683280972
1006285.867039133,0.18078666203655303,0.5787821389967576,-4.75469767614718,4.75469767614718,0.21031831424670486,0.18078666203655303,0.32347502369673004,0.10463609095560007,-2.2572667490467286
1007428.797452737,0.5933754330035299,0.8211619210196659,-12.199405311029398,12.199405311029398,0.08197120880112958,0.5933754330035299,0.698038186957601,0.4872573104510547,-0.7189629372158849
1009070.297853454,0.37439962197095156,0.4214426060207188,3.3232070743757465,3.3232070743757465,0.30091414035276354,0.37439962197095156,0.39722531688779583,0.1577879523766098,-1.8465032209082346
1010501.631396887,0.5358385209692642,0.46386378293391317,-8.988740942146404,8.988740942146404,0.11125028593395106,0.46386378293391317,0.4985539924406542,0.24855608337851584,-1.3920867712691751
1011113.006413588,0.7036619569407776,0.6839076600736007,13.634368033123648,13.634368033123648,0.07334406681487378,0.6839076600736007,0.6937144963557976,0.48123980245417797,-0.7313895833102522
1011349.078913999,1.0322673540795222,0.6307441979879513,34.36092718957593,34.36092718957593,0.02910282352052973,0.6307441979879513,0.8069055981699673,0.6510966443580328,-0.4290971925568823
1011789.206865264,0.5060749140102416,0.9042860600166023,15.917085526314635,15.917085526314635,0.06282557182637287,0.5060749140102416,0.6764883517574876,0.4576364900635622,-0.7816800998240243
1012166.704602408,0.8519196190172806,0.5901071770349517,39.2470371748474,39.2470371748474,0.02547963036152138,0.5901071770349517,0.7090302401442262,0.5027238814389791,-0.6877142030682959
1012390.363741949,0.49076765193603933,0.2951147990534082,-6.928931999980012,6.928931999980012,0.14432238619211224,0.2951147990534082,0.3805690436478212,0.14483279698301724,-1.9321753261759338
1012859.10994521,0.9272031290456653,0.034405636950396,-1.2712731947003628,1.2712731947003628,0.7866129830855897,0.034405636950396,0.17860855029145814,0.031901014237216335,-3.445117475426661
1013601.175766762,0.37040370202157646,0.8909975619753823,9.310108466974983,9.310108466974983,0.10741013421564545,0.37040370202157646,0.5744813273274255,0.3300287954478806,-1.1085753693954787
1013627.08404746,0.36659825895912945,0.6360982210608199,-8.414601467319333,8.414601467319333,0.11884104124049184,0.36659825895912945,0.4829000935679098,0.23319250036789604,-1.4558909846803254
1013903.743027176,0.6740601740311831,0.5751492050476372,-6.727311431988309,6.727311431988309,0.1486477934178888,0.5751492050476372,0.6226436968670822,0.387685173248307,-0.9475616778833007
1014288.325515432,0.8860562350600958,0.7880299979588017,-51.882900255329005,51.882900255329005,0.019274173091302617,0.7880299979588017,0.8356069010640056,0.6982388931057908,-0.35919398104198874
1014379.632077314,0.7112306359922513,0.40870218409691006,-14.072448075856277,14.072448075856277,0.07106084134115039,0.40870218409691006,0.5391488795561645,0.29068151432666756,-1.2355270636467919
1016986.222846598,0.415130004985258,0.5582528419326991,-7.669108160467465,7.669108160467465,0.130393258130688,0.415130004985258,0.4814016047486296,0.2317475050545558,-1.4621068402702573
1017399.696986237,0.7326670839684084,0.7166687730932608,23.357992006754053,23.357992006754053,0.042811899229644665,0.7166687730932608,0.7246237783522262,0.5250796201534563,-0.6442053704541846
1017980.558433827,0.6598950939951465,0.639120209030807,-7.95139145158669,7.95139145158669,0.12576415160650295,0.639120209030807,0.6494245840839273,0.42175229041258205,-0.8633371268355786
1018563.941736997,0.28982023103162646,0.4912049500271678,-3.672459439179121,3.672459439179121,0.27229708498115446,0.28982023103162646,0.3773077419040753,0.1423611321007523,-1.9493882659922184
1019200.644455995,0.20713641389738768,1.1166345480596647,-13.349380459122113,13.349380459122113,0.07490984342398183,0.20713641389738768,0.48093209075607457,0.23129567591900915,-1.4640584046060061
1019745.293155912,0.7475611999398097,0.4522468310315162,30.502731739930063,30.502731739930063,0.03278394894352806,0.4522468310315162,0.5814483499631731,0.3380821836748966,-1.0844662660874016
1020577.857637414,0.7867884170264006,0.3205429509980604,15.951100497714904,15.951100497714904,0.06269159925004901,0.3205429509980604,0.5021946644526752,0.25219948100473505,-1.3775349133252235
1020984.068381049,0.5116674399469048,0.6943118140334263,12.127961775178504,12.127961775178504,0.08245408573488694,0.5116674399469048,0.5960341839285518,0.35525674841137467,-1.0349145159534752
1020996.826485791,0.46111654699780047,0.49563096195925027,19.261629762496547,19.261629762496547,0.051916686818841,0.46111654699780047,0.4780623785279989,0.22854363776384767,-1.476028111984773
1021416.249317819,0.5670502700377256,0.8013361890334636,-14.48706699957576,14.48706699957576,0.06902708464241133,0.5670502700377256,0.674090425968525,0.45439790238242744,-0.7887820278217055
1021805.346832635,0.3764419970102608,0.5991827100515366,4.599761378601488,4.599761378601488,0.21740258193655257,0.3764419970102608,0.4749289798968057,0.2255575359458205,-1.4891800042657062
1022036.994675598,0.5820586850168183,0.7429503820603713,-23.540461078296715,23.540461078296715,0.04248005154503778,0.5820586850168183,0.6576022524404874,0.4324407224148025,-0.8383100200039657
1022190.631541954,0.7433973980369046,0.451151069952175,12.728624957353919,12.728624957353919,0.07856308150726474,0.451151069952175,0.5791239345114416,0.3353845315240125,-1.0924775501437072
1022233.857606093,0.8944372630212456,0.4695531149627641,12.402939024673064,12.402939024673064,0.08062605145528075,0.4695531149627641,0.6480631165175156,0.419985802990395,-0.8675343706798586
1022685.691978091,0.7350631690351292,0.44723504094872624,-12.490770984500248,12.490770984500248,0.08005910934088027,0.44723504094872624,0.5733637645538184,0.3287460065033265,-1.112469843082343
1022868.538860958,0.2074614759767428,0.6346232290379703,-4.931126933781756,4.931126933781756,0.20279340066249013,0.2074614759767428,0.36284965452008333,0.13165987178534383,-2.0275334107743874
1023315.90291249,0.39632716798223555,0.6754372810246423,-15.472786317886634,15.472786317886634,0.06462960060684055,0.39632716798223555,0.5173916743996929,0.26769414473811787,-1.3179102011712491
1023723.429449915,0.24467480299063027,0.6354316440410912,8.333827590735106,8.333827590735106,0.11999288311552321,0.24467480299063027,0.39430205720965533,0.1554741123197663,-1.8612760414809624
1024377.094188909,0.9193368291016668,0.9195809899829328,60.34266883475952,60.34266883475952,0.01657202141221776,0.9193368291016668,0.919458901437732,0.8454046714330811,-0.16793986515726084
1024502.164472982,0.6153308410430327,0.22419428697321564,-6.825830031359241,6.825830031359241,0.14650232944649927,0.22419428697321564,0.3714211345094296,0.1379536591602718,-1.9808374534058837
1025614.323750979,0.853708605049178,0.49139303795527667,-12.37047360324738,12.37047360324738,0.08083764874915456,0.49139303795527667,0.647693187368585,0.41950646496367705,-0.8686763420763985
1026057.592060252,0.6590865569887683,0.29705835005734116,4.0040817014563554,4.0040817014563554,0.24974515371059544,0.29705835005734116,0.4424784346881295,0.19578716516405725,-1.6307271017796374
1027000.809984699,0.42811618105042726,0.3272602780489251,3.452198556528697,3.452198556528697,0.2896704762560164,0.3272602780489251,0.37430658616675017,0.14010542044780677,-1.9653601365388806
1027942.514897474,0.4008873769780621,0.170831352006644,-2.2640378505340784,2.2640378505340784,0.44168872873044224,0.170831352006644,0.26169473172297436,0.06848413261155953,-2.68115320125397
1029215.448501686,0.47150096599943936,0.3352756620151922,8.338601127915375,8.338601127915375,0.11992419167913804,0.3352756620151922,0.39759627578268975,0.15808279851626467,-1.844636341974649
1029832.37931754,0.3606807989999652,0.35757533099967986,-6.889434053050821,6.889434053050821,0.1451498036412982,0.35757533099967986,0.35912470826669884,0.12897055608764155,-2.048171148055487
1031165.918308042,1.1054323050193489,0.6666430940385908,-54.50597900656343,54.50597900656343,0.018346611109940496,0.6666430940385908,0.8584455789788366,0.73692881206831,-0.3052639829528897
1031848.726606731,0.5768975109094754,0.7320640730904415,12.694111696334723,12.694111696334723,0.07877668197048703,0.5768975109094754,0.6498660951243171,0.422325941592128,-0.8619778896319297
1032262.250670327,0.392000081948936,0.6922634040238336,-16.48422878465213,16.48422878465213,0.060664045195190676,0.392000081948936,0.5209292764930689,0.27136731110759216,-1.3042819842754727
1032576.622114592,0.756794448941946,0.3734312510350719,-4.310493606562596,4.310493606562596,0.23199199239677107,0.3734312510350719,0.5316114162099876,0.28261069784478876,-1.2636849543710942
1032647.673874895,0.5248921669553965,0.5185570030007511,-9.85447057984837,9.85447057984837,0.10147678577933174,0.5185570030007511,0.5217149691114491,0.27218650899496033,-1.3012677528330188
1033062.114229966,0.6524585830047727,0.37745313404593617,-9.290942615255174,9.290942615255174,0.10763170556645776,0.37745313404593617,0.49625853845583556,0.24627253699032203,-1.4013164823448279
1033781.889994273,0.4820745359174907,0.455515357083641,-5.4105478641902875,5.4105478641902875,0.18482416662802306,0.455515357083641,0.468606822794319,0.2195923543693863,-1.5159823861214088
1033959.768278382,0.3421319960616529,0.3086044320371002,-4.818386297529058,4.818386297529058,0.20753836206798432,0.3086044320371002,0.324936071137579,0.1055834503263258,-2.248253640386542
1034037.822434743,0.31397478410508484,1.0534913749434054,-15.424174313809536,15.424174313809536,0.06483329218502687,0.31397478410508484,0.5751258357998054,0.3307697270044247,-1.1063328345172103
1035048.615973299,0.5351486450526863,0.48393548000603914,-10.603459658639999,10.603459658639999,0.09430884184910081,0.48393548000603914,0.508898237782519,0.25897741641815325,-1.351014416381036
1037024.150652974,0.4144871130120009,0.5831736029358581,6.873268217139766,6.873268217139766,0.14549119405908167,0.4144871130120009,0.49164819034111246,0.24171794306569075,-1.419983757099325
1038460.555044208,0.1856144699268043,0.36739850300364196,-1.7307968536247373,1.7307968536247373,0.5777685566655271,0.1856144699268043,0.2611407252554117,0.06819447838692243,-2.685391679478912
1038701.098098702,0.622869418002665,0.2157822320004925,5.21111784587835,5.21111784587835,0.1918974065786929,0.2157822320004925,0.3666117200274192,0.13440415326146282,-2.0069039491275253
1039463.566766481,0.3075045139994472,0.7151199309155345,-5.6701257950524395,5.6701257950524395,0.1763629302320887,0.3075045139994472,0.4689377429974044,0.2199026068074997,-1.514570526978272
1039662.401386466,0.3765001760330051,0.4331530319759622,-3.515362009226813,3.515362009226813,0.28446572426261874,0.3765001760330051,0.4038343630601285,0.16308219278817968,-1.813500955032571
1040281.820823073,0.35438483499456197,0.6312235399382189,7.843111981648205,7.843111981648205,0.12750041084965527,0.35438483499456197,0.47296516789895743,0.223696050045689,-1.4974670680148163
1040295.975063815,0.9111713720485568,0.2234978759661317,8.716508272617352,8.716508272617352,0.11472483805716904,0.2234978759661317,0.45127028075644243,0.2036448662939984,-1.5913776536807878
1042092.144531984,0.5671440330334008,0.4271094349678606,8.054553267716212,8.054553267716212,0.1241533784385214,0.4271094349678606,0.4921712786157777,0.24223256749428945,-1.4178569916084514
1042652.947842645,0.2501807060325518,0.5000589980045334,-5.269540377296855,5.269540377296855,0.18976987144996038,0.2501807060325518,0.3537020118386444,0.12510511317870457,-2.0786009896130877
1042845.757910347,0.368795110960491,0.6522049190243706,8.93497850237768,8.93497850237768,0.11191968729794827,0.368795110960491,0.49043856443041955,0.2405299854805708,-1.4249105174553025
1044374.871079915,0.3769028689712286,0.4808786279754713,-8.484734188240353,8.484734188240353,0.1178587304934051,0.3769028689712286,0.42572824020835554,0.18124453451090325,-1.7079081401246095
1044706.935060101,0.43311640596948564,0.5034460510360077,-7.729806972775834,7.729806972775834,0.12936933658524363,0.43311640596948564,0.4669590391289646,0.2180507442242459,-1.5230274716093173
1044898.239130102,0.30976661399472505,0.6490357390139252,-16.952302325656618,16.952302325656618,0.05898903764160345,0.30976661399472505,0.448385551992822,0.20104960323590768,-1.604203619100599
1045867.747589021,0.3545563960215077,0.3331972439773381,5.218831910128726,5.218831910128726,0.19161375902128536,0.3331972439773381,0.3437109454016616,0.11813721398890399,-2.135908499665658
1047001.246343884,0.42955626104958355,0.48733896494377404,-8.576822391144262,8.576822391144262,0.11659329695721807,0.42955626104958355,0.45753634133806426,0.20933950364502166,-1.5637979256052073
1047515.03304311,0.5001490660943091,0.6673078119056299,6.724030998876628,6.724030998876628,0.14872031377711797,0.5001490660943091,0.5777139248123051,0.33375337892203766,-1.0973529452079518
1049024.470056834,0.9114427408203483,0.26806521601974964,10.464465098285247,10.464465098285247,0.09556150176886388,0.26806521601974964,0.4942935314240308,0.24432609520763934,-1.409251490182042
1049747.181994967,0.6552940008696169,0.17469312995672226,7.291604978879175,7.291604978879175,0.13714401738665147,0.17469312995672226,0.3383420755001903,0.11447536005377645,-2.167395675182719
1050185.432329479,0.7488207179121673,0.1488349661231041,4.68388610729872,4.68388610729872,0.21349793250560434,0.1488349661231041,0.33384233731319324,0.1114507061827359,-2.194172882851483
1052854.049576008,0.5723406220786273,0.361417172010988,-8.09127326428124,8.09127326428124,0.12358994281091451,0.361417172010988,0.4548117512319434,0.20685372905866714,-1.5757433583973943
1053496.573390104,0.5689000422134995,0.4362401010002941,-7.129334180042612,7.129334180042612,0.14026555281969164,0.4362401010002941,0.4981736764164568,0.24817701187428862,-1.393613029863322
1053912.956715164,0.8421739060431719,0.2444801600649953,7.354260148949937,7.354260148949937,0.13597560866034675,0.2444801600649953,0.4537563347789174,0.20589481135199697,-1.5803898651105142
1053955.410769325,0.1824705940671265,0.5835012011229992,7.016312167595465,7.016312167595465,0.14252501543737706,0.1824705940671265,0.32630018511762376,0.10647181080779552,-2.239875016119256
1054512.637101506,0.41505461814813316,0.9890317169483751,-10.943817170465891,10.943817170465891,0.09137579552212391,0.41505461814813316,0.6407044417002276,0.41050218161440033,-0.8903740355741773
1054832.113134457,0.28544791508466005,0.9688744188752025,-13.443347804282656,13.443347804282656,0.07438623284606453,0.28544791508466005,0.5258927484257491,0.27656318284678816,-1.285315974732403
1055917.633101315,0.5547500879038125,0.5076611840631813,-8.535283092737712,8.535283092737712,0.1171607302458257,0.5076611840631813,0.5306836029918424,0.2816250864844034,-1.267178573139129
1056121.31913089,0.6613112960476428,0.5084745290223509,-19.306609388210585,19.306609388210585,0.05179573377657091,0.5084745290223509,0.5798792544961284,0.33625994979498564,-1.0898707580355187
1057585.870363489,0.34800223005004227,0.3327689808793366,2.317047772524113,2.317047772524113,0.43158367810027237,0.3327689808793366,0.34030037825058174,0.115804347437489,-2.1558531719098752
1058329.356576304,0.4845656990073621,0.5240247331093997,6.933358159833253,6.933358159833253,0.14423025277898666,0.4845656990073621,0.5039091298005054,0.25392441109630265,-1.3707186503625592
1059171.346756908,0.39270302816294134,0.4837980519514531,-4.381498415517746,4.381498415517746,0.2282324230583645,0.39270302816294134,0.43587723044530285,0.18998896002066765,-1.6607893136642016
1059749.440972148,0.540469893021509,0.4452291529159993,9.519768028919975,9.519768028919975,0.10504457639746194,0.4452291529159993,0.4905435277797142,0.24063295264656723,-1.4244825245264665
1060737.052381365,0.3252057151403278,0.8622436427976936,7.146474712074759,7.146474712074759,0.13992913153535538,0.3252057151403278,0.5295342864076181,0.2804065604812253,-1.2715147272294083
1060896.754951727,0.44437750708311796,0.41577447880990803,7.3043361221533525,7.3043361221533525,0.13690498127093245,0.41577447880990803,0.42983813977162333,0.18476082640232958,-1.68869312058751
1060954.069587797,0.48590041883289814,0.4740769739728421,-8.819332383402585,8.819332383402585,0.11338726748545451,0.4740769739728421,0.4799522895168195,0.23035420021243694,-1.468137153720706
1062154.11982281,0.7760092420503497,0.09467645408585668,1.9794250757721652,1.9794250757721652,0.5051971970244462,0.09467645408585668,0.2710531375490429,0.07346980337518037,-2.6108807956134967
1062515.72063137,0.468479969073087,0.32534157391637564,-2.9521220015463934,2.9521220015463934,0.338739387964378,0.32534157391637564,0.39040493143213895,0.1524160104865331,-1.8811415855616405
1062531.177364531,1.450481106992811,0.19738828507252038,10.69036993744711,10.69036993744711,0.0935421323912391,0.19738828507252038,0.5350775441367371,0.2863079782394019,-1.2506872005551886
1063071.799483761,0.7177661599125713,0.2285920570138842,-5.114749218457482,5.114749218457482,0.19551300704858063,0.2285920570138842,0.4050625173345112,0.16407564294937121,-1.80742771999909
1063447.300571625,0.6049469839781523,0.4832926911767572,16.736542752002997,16.736542752002997,0.05974949634567282,0.4832926911767572,0.5407092156659288,0.29236645590606386,-1.2297472775708453
1063592.832525882,0.5841753629501909,0.6056274010334164,-13.756279062642932,13.756279062642932,0.07269407631571226,0.5841753629501909,0.5948046795472248,0.35379260681127683,-1.039044393994638
1064252.639380658,1.0247491439804435,0.5985140998382121,-38.177380199396595,38.177380199396595,0.026193520738644224,0.5985140998382121,0.7831518444525516,0.6133268114694336,-0.48885735057750085
1064483.971613196,0.41476375702768564,0.6175349589902908,-4.997995045059445,4.997995045059445,0.20008023036927727,0.41476375702768564,0.5060939830572487,0.2561311196867508,-1.3620657793488244
1064639.541540052,0.4605579550843686,0.2128749128896743,-3.665112324285916,3.665112324285916,0.2728429340006197,0.2128749128896743,0.3131153694235265,0.0980412345692315,-2.322367127896089
1064646.938962101,0.4444565570447594,0.587490736041218,-8.3208338826663,8.3208338826663,0.12018026247142953,0.4444565570447594,0.5109932581126402,0.2611141098365713,-1.3427977647656122
1064735.650082453,0.3999123990070075,0.6707800861913711,-8.569966075520911,8.569966075520911,0.11668657625802989,0.3999123990070075,0.5179317266541204,0.26825327347491845,-1.3158236944706008
1065100.757569203,0.391785689862445,0.7011345149949193,-5.781422590773207,5.781422590773207,0.1729678092717073,0.391785689862445,0.5241130313621817,0.27469446964365524,-1.2920958184328384
1066330.440333404,0.72496438305825,0.3954211149830371,-8.634866062648976,8.634866062648976,0.11580955544007862,0.3954211149830371,0.5354122007125751,0.2866662246718828,-1.2494367202461512
1066512.60293732,0.30381326912902296,0.41321564209647477,4.34875827188157,4.34875827188157,0.2299506979879412,0.30381326912902296,0.35431680044922836,0.12554039508057832,-2.07512769904833
1067095.747222582,0.7578005092218518,0.46117674885317683,8.001224055073228,8.001224055073228,0.12498087706542145,0.46117674885317683,0.5911683136994197,0.34947997512221546,-1.051309014737391
1067666.994371754,0.7554909808095545,0.6625616101082414,-18.586947522209257,18.586947522209257,0.05380119564038772,0.6625616101082414,0.7075021700796633,0.5005593206674329,-0.6920291644380815
1068794.546595601,0.8232171789277345,0.4912958890199661,24.85798965076327,24.85798965076327,0.04022851461639799,0.4912958890199661,0.6359585016161116,0.40444321577780984,-0.9052439336041931
1068840.380214493,0.2368643640074879,0.6657854169607162,8.561930976615656,8.561930976615656,0.1167960828849473,0.2368643640074879,0.39711564984757297,0.1577008393538602,-1.8470554625551452
1068869.539609202,0.37834125803783536,0.6189150749705732,7.166340575403782,7.166340575403782,0.13954123300142704,0.37834125803783536,0.483901961230731,0.23416110808294785,-1.4517459044481562
1069035.203864122,0.6474653240293264,0.22911528893746436,-2.472699649955829,2.472699649955829,0.40441628242955563,0.22911528893746436,0.38515478030522754,0.1483442047919681,-1.9082199974372718
1069368.24578103,0.39641656703315675,0.48740953393280506,3.52559831747189,3.52559831747189,0.28363979953254365,0.39641656703315675,0.4395648008893268,0.1932172141808735,-1.6439402608578364
1069649.414281366,0.5363636899273843,0.13886951911263168,-2.4153786936841843,2.4153786936841843,0.41401375387422046,0.13886951911263168,0.2729186100098206,0.07448456768969254,-2.597163320158932
1070009.30399309,0.5469448510557413,0.7603542238939553,-28.506393303792297,28.506393303792297,0.03507984996007779,0.5469448510557413,0.6448812508805658,0.4158718277372832,-0.8773781725961642
1070164.31786735,0.3171121950726956,0.48018799000419676,7.71413174867967,7.71413174867967,0.12963221689481222,0.3171121950726956,0.3902223309317093,0.15227346755777646,-1.8820772459597008
1070233.165256719,0.642931018024683,0.1332198109012097,3.5834670461787734,3.5834670461787734,0.2790593542827048,0.1332198109012097,0.2926621749453976,0.08565114864377052,-2.4574726433997673
1070444.403153909,0.4716075418982655,0.4477945591788739,-16.950695078663255,16.950695078663255,0.05899463091981127,0.4477945591788739,0.4595468325750555,0.2111832913297661,-1.5550288433015718
1072380.02188487,0.5427816919982433,0.4611169300042093,8.405160101740561,8.405160101740561,0.11897453325046331,0.4611169300042093,0.5002857458260431,0.25028582747672024,-1.3851517042940458
1072848.498962658,0.6906180200167,0.41871343390084803,12.51408215527817,12.51408215527817,0.07990997562519771,0.41871343390084803,0.5377462623533492,0.28917104267499705,-1.240736922773719
1072861.675302677,0.29158952506259084,0.21619648300111294,1.4451139447400472,1.4451139447400472,0.6919869562118743,0.21619648300111294,0.25107893141101467,0.06304062979849702,-2.763975843024026
1073016.66914171,0.5366077630314976,0.3489891530480236,-6.535042672489414,6.535042672489414,0.15302118901376155,0.3489891530480236,0.4327473728855634,0.1872702887393569,-1.675202311376355
1074428.155323115,0.25132079189643264,0.6266200749669224,4.014950899242098,4.014950899242098,0.24906904843811908,0.25132079189643264,0.39684084147034177,0.15748265345888893,-1.848439963550908
1075710.105575894,0.820261524990201,0.31242664088495076,16.401604328263325,16.401604328263325,0.06096964540699199,0.31242664088495076,0.5062327062723778,0.2562715528998556,-1.3615176431889873
1076288.925796408,0.25564187206327915,0.7676147799938917,-6.417427231876094,6.417427231876094,0.1558256858812338,0.25564187206327915,0.4429836107364251,0.19623447938108063,-1.6284450114033553
1076433.134904488,0.6359084870200604,0.29526795190759003,-7.6781288920672415,7.6781288920672415,0.13024006422100612,0.29526795190759003,0.4333167393063272,0.18776339656306754,-1.6725726376846495
1077166.65901239,0.35670494101941586,0.5206863719504327,8.659398650203675,8.659398650203675,0.11548146013308665,0.35670494101941586,0.43096566173674755,0.1857314015961927,-1.6834537263934815
1077359.709949456,0.18627853598445654,1.1379445660859346,-12.07363976061065,12.07363976061065,0.08282506516903258,0.18627853598445654,0.46040704577792413,0.21197464780195555,-1.5512885973009136
1077489.380652655,0.42949258093722165,0.5397108430042863,-7.844890602274574,7.844890602274574,0.1274715035172137,0.42949258093722165,0.48145799704825193,0.23180180292171457,-1.4618725701873436
1077588.556902086,0.6112595438025892,0.6551846491638571,-16.334114767965193,16.334114767965193,0.06122156077666485,0.6112595438025892,0.632841109406112,0.40048786975435874,-0.9150718006868166
1078734.286351151,0.5255403770133853,0.4061612309888005,-6.706505201671168,6.706505201671168,0.14910895763576146,0.4061612309888005,0.46201095924455615,0.2134541264620749,-1.544333333746362
1078849.220473858,0.5152952461503446,0.16674662800505757,-3.138973586861788,3.138973586861788,0.3185754745390379,0.16674662800505757,0.2931275229701334,0.08592374472260608,-2.454295065342116
1078897.522517141,0.7530947390478104,0.11102525307796896,2.346275135064608,2.346275135064608,0.4262074745860799,0.11102525307796896,0.28915831994682456,0.08361253399447015,-2.4815618419660668
1079146.155858484,0.4381748801097274,0.6602977698203176,-23.787039112745425,23.787039112745425,0.04203970049656942,0.4381748801097274,0.5378902268379098,0.28932589612773807,-1.2402015579478998
1079299.580859606,0.8956982579547912,0.1359386839903891,-7.664432707000057,7.664432707000057,0.13047280056183191,0.1359386839903891,0.3489413166119174,0.12176004243885839,-2.1057030363236646
1079853.393116213,0.7082187728956342,0.7920460901223123,39.80133118065687,39.80133118065687,0.025124787798202892,0.7082187728956342,0.7489605530488298,0.5609419100232089,-0.5781379260165278
1080506.89362073,0.92581945983693,0.4233432391192764,-19.689238483831225,19.689238483831225,0.05078916591015943,0.4233432391192764,0.6260506440912147,0.3919394089670248,-0.936648020100359
1080614.561859109,0.857978492975235,0.34707047301344573,24.127842489060573,24.127842489060573,0.041445893906734275,0.34707047301344573,0.545691305952622,0.29777900139227814,-1.211403673668724
1081206.990819708,0.18894737190566957,0.6372523130849004,-3.5643242638803794,3.5643242638803794,0.28055808786356834,0.18894737190566957,0.34699733399292976,0.12040714979820086,-2.116876364164572
1081338.421876307,0.45354468817822635,1.074799952795729,14.623254451749974,14.623254451749974,0.06838423028878701,0.45354468817822635,0.6981903819480123,0.48746980944471135,-0.7185269198061182
1081551.335547298,0.4885755470022559,0.6832376839593053,9.21559532411919,9.21559532411919,0.10851170920914739,0.4885755470022559,0.5777657182396443,0.333813225172972,-1.097173648488411
1081721.876544392,0.3826314848847687,0.8391547841019928,-12.386135101981855,12.386135101981855,0.08073543456182664,0.3826314848847687,0.5666454280139416,0.321087041089103,-1.1360430365674568
1082016.922396994,0.7759308500681072,0.39790042606182396,-10.101569099721472,10.101569099721472,0.09899452155681168,0.39790042606182396,0.555646664559964,0.3087432158366131,-1.175245364280184
1082394.182199205,0.321564330952242,0.6416921389754862,-6.818130881389448,6.818130881389448,0.14666776238185278,0.321564330952242,0.45425246652821305,0.2063453033469653,-1.5782042836582002
1082664.560540921,0.10938980407081544,0.6475058309733868,1.9744335415956562,1.9744335415956562,0.5064743780597655,0.10938980407081544,0.26614006835666315,0.07083053598488932,-2.647465072043637
1082769.533692914,0.3023191459942609,0.916198672959581,8.650199123701903,8.650199123701903,0.11560427519638926,0.3023191459942609,0.5262930745983797,0.27698440037021566,-1.2837940907336358
1082887.524253201,0.49420621688477695,0.3975437281187624,5.65838311554808,5.65838311554808,0.17672893114151364,0.3975437281187624,0.44324776583739695,0.19646858191984387,-1.6272527489049735
1083309.91821611,0.5732705208938569,0.4743500940967351,7.805526401973018,7.805526401973018,0.1281143575079354,0.4743500940967351,0.5214699660851864,0.27193092552888537,-1.3022071951984184
1083822.376574468,0.8406139879953116,0.9995302679017186,49.22213399852426,49.22213399852426,0.02031606350163488,0.8406139879953116,0.916634673478418,0.840219124622886,-0.1740925585172291
1084075.820392644,0.6093897139653563,0.3724099178798497,15.696234977646776,15.696234977646776,0.06370954572380662,0.3724099178798497,0.4763851103200681,0.22694277333466345,-1.4830573931305402
1084324.469238468,0.6407862410414964,0.2700250919442624,-3.4323630877742435,3.4323630877742435,0.2913444686437477,0.2700250919442624,0.41596678191154685,0.17302836365384835,-1.7542997461666296
1084972.347863439,0.5968240171205252,0.6898592009674758,-16.75754903199317,16.75754903199317,0.05967459788366546,0.5968240171205252,0.6416576498172251,0.4117245395689646,-0.8874007465199834
1085552.262530912,0.4140086069237441,0.674457733053714,9.70143306505159,9.70143306505159,0.10307755496478109,0.4140086069237441,0.5284234159180634,0.2792313064905146,-1.275714785115915
1086865.614578498,0.4631135331001133,0.7590130178723484,-12.71124242509671,12.71124242509671,0.07867051595409973,0.4631135331001133,0.5928821133883554,0.3515092003758427,-1.0455193934627498
1087415.063813428,0.46741699194535613,0.3093552060890943,-8.323744877443325,8.323744877443325,0.12013823281752893,0.3093552060890943,0.3802602791152399,0.14459787987280018,-1.9337986313787914
1088085.876226159,0.2530030480120331,0.6319748470559716,-5.579821886698234,5.579821886698234,0.17921719013718074,0.2530030480120331,0.3998644302411747,0.15989156257209927,-1.8332594274381449
1088349.993592909,0.5804937051143497,0.23749100300483406,3.5254511572134057,3.5254511572134057,0.2836516392955567,0.23749100300483406,0.37129776765501743,0.1378620322655993,-1.9815018601158099
1088549.421256425,0.23516654898412526,0.46552017191424966,-3.7892494493092417,3.7892494493092417,0.2639045049362729,0.23516654898412526,0.33086972105584217,0.10947477231157081,-2.212061146118068
1089260.319420749,0.8122192251030356,0.5475988348480314,17.385737427067337,17.385737427067337,0.05751841152524999,0.5475988348480314,0.6669110145346178,0.4447703013075932,-0.8101973069178904
1089663.411506167,0.9303903488907963,0.376242449041456,-11.969072364447864,11.969072364447864,0.08354866355143223,0.376242449041456,0.5916522149296898,0.3500523434312079,-1.049672583019968
1090193.065343013,0.6723234029486775,0.5165406030137092,-14.801994004870286,14.801994004870286,0.06755846541155003,0.5165406030137092,0.5893066569956078,0.3472823359793389,-1.0576171815122155
1090399.858118413,0.6222347731236368,0.8439827349502593,20.773257296741342,20.773257296741342,0.048138815483543256,0.6222347731236368,0.7246760694282937,0.5251554056020411,-0.6440610495224734
1091015.979436863,0.722170305904001,0.5961092580109835,-10.437753574361304,10.437753574361304,0.09580605566856286,0.5961092580109835,0.6561192004582697,0.430492405209999,-0.84282559705859
1091450.212567152,0.34952387399971485,0.6226084209047258,-4.470941396784107,4.470941396784107,0.22366654161901736,0.34952387399971485,0.46649384482484313,0.2176165072594648,-1.5250209063102236
1091572.119122733,0.2554082158021629,0.5381238642148674,-11.73316501560966,11.73316501560966,0.08522849535224401,0.2554082158021629,0.37073070555281046,0.13744125603968463,-1.984558681966031
1091603.188202964,0.7185125309042633,0.5938193812035024,13.670500784178147,13.670500784178147,0.07315020976827505,0.5938193812035024,0.653197264605825,0.426666666488532,-0.851752211154087
1093756.412861249,0.403684807009995,0.3556574541144073,8.55196754016537,8.55196754016537,0.1169321557060848,0.3556574541144073,0.3789109535574825,0.14357351072584065,-1.940908105081391
1093867.579101522,1.2857450770679861,0.17237596004270017,10.668423252629886,10.668423252629886,0.09373456379821533,0.17237596004270017,0.4707775929563445,0.22163154202976962,-1.506738996558589
1095104.754846934,0.2504555711057037,0.27906606695614755,-1.987980483903655,1.987980483903655,0.5030230468039463,0.2504555711057037,0.26437407432599075,0.06989365117572449,-2.660780461110271
1095960.680146905,0.5629783750046045,0.5856141580734402,-21.73324347719839,21.73324347719839,0.046012460176464605,0.5629783750046045,0.5741847325485718,0.3296881070918749,-1.109608201463233
1096204.529136881,0.6292551849037409,0.4639913321007043,24.94394063303824,24.94394063303824,0.04008989656892867,0.4639913321007043,0.5403415137436339,0.29196895147476176,-1.2311078129332351
1096755.174172654,0.7619626331143081,0.1734098899178207,-4.648142104109133,4.648142104109133,0.215139721979662,0.1734098899178207,0.3634994585000712,0.13213185632984498,-2.023954943386216
1097273.157747693,0.29874169593676925,0.370279350085184,-4.624324466759355,4.624324466759355,0.21624780163853474,0.29874169593676925,0.33259266530519366,0.11061788101481257,-2.2016735301332226
1097791.96283523,0.536813166923821,0.4036056741606444,-11.008019735044654,11.008019735044654,0.09084286039354049,0.4036056741606444,0.4654684093841378,0.2166608401345993,-1.5294220968086165
1098233.271640643,0.3241523839533329,0.40184484189376235,-3.1251258303052136,3.1251258303052136,0.3199871154955497,0.3241523839533329,0.3609140666131111,0.1302589634792132,-2.0382307832177182
1098860.903646831,0.4001475269906223,0.7165738840121776,-15.12658604772611,15.12658604772611,0.06610877013788079,0.4001475269906223,0.5354766732487399,0.28673526759353785,-1.2491959014728482
1099187.662821168,0.61143540404737,0.7324965128209442,-22.080941435128516,22.080941435128516,0.045287924110387,0.61143540404737,0.669234115448371,0.4478743012799635,-0.8032426634364643
1099472.797673583,0.7571643961127847,0.3436547738965601,7.096879315210097,7.096879315210097,0.14090700371031967,0.3436547738965601,0.5101011265902718,0.2602031593486645,-1.3462925709764293
1099633.156846089,0.926027602981776,0.4208226769696921,15.044580967488852,15.044580967488852,0.0664691161662121,0.4208226769696921,0.6242542869973887,0.3896934148346182,-0.9423949648181782
1100536.847375091,0.6114228768274188,0.19984331098385155,-3.7899744736899663,3.7899744736899663,0.26385401984683754,0.19984331098385155,0.3495551059796767,0.12218877211646302,-2.102188117673319
1101294.385841428,0.27743360796011984,0.6586225589271635,-5.419533188532844,5.419533188532844,0.1845177370840525,0.27743360796011984,0.42746231741182705,0.1827240328070896,-1.6997782817910552
1101386.582324042,0.6935796169564128,0.8232338400557637,19.918404545684627,19.918404545684627,0.05020482427226595,0.6935796169564128,0.7556310021772753,0.5709782114514333,-0.5604042286331097
1101675.209127561,0.7552401488646865,0.28962330101057887,5.794415799744863,5.794415799744863,0.17257995189852124,0.28962330101057887,0.4676912923819638,0.2187351449699115,-1.51989366475929
1101805.61739941,0.5979850850999355,0.17132157390005887,-3.193456542247326,3.193456542247326,0.31314031888978566,0.17132157390005887,0.3200745943496322,0.10244774594808159,-2.2784024060221184
1102522.220600908,0.9020665548741817,0.1814820719882846,5.529645468903312,5.529645468903312,0.1808434203645842,0.1814820719882846,0.40460957409569553,0.16370890744990013,-1.8096653828300495
1102608.724471369,0.9053566311486065,0.46234137401916087,6.71597449972614,6.71597449972614,0.14889871902294707,0.46234137401916087,0.6469805474839296,0.41858382882260536,-0.8708781012916943
1102659.512851456,0.6035791388712823,0.38934816094115376,15.44090764640574,15.44090764640574,0.06476303225819598,0.38934816094115376,0.4847704897185668,0.23500242770197904,-1.4481594342446196
1102686.614037639,0.647108965087682,0.5766227529384196,24.441340506981845,24.441340506981845,0.04091428617486601,0.5766227529384196,0.6108500248833513,0.37313775289999085,-0.9858076167929053
1102721.478414192,0.7987877160776407,0.42877234891057014,-12.827794701735492,12.827794701735492,0.0779557221838535,0.42877234891057014,0.5852333596980948,0.3424980853035196,-1.0714892116501706
1103142.922957589,0.7131721959449351,0.8665998710785061,-25.55418888462599,25.55418888462599,0.03913252752865202,0.7131721959449351,0.7861519783493875,0.6180349330626559,-0.48121029713062746
1103939.836572741,0.8878124738112092,0.3569887881167233,6.79333831006876,6.79333831006876,0.14720303249403138,0.3569887881167233,0.5629734444010426,0.3169390991007737,-1.149045639962921
1103950.916008039,0.4951997029129416,0.466919984202832,7.443042687049136,7.443042687049136,0.13435365643408118,0.466919984202832,0.48085199122116334,0.23121863746135776,-1.464391533575792
1105269.305212306,0.3387571591883898,0.9070484649855644,-18.74234228690431,18.74234228690431,0.05335512417243186,0.3387571591883898,0.5543186459471658,0.30726916124469944,-1.1800311687874452
1105286.139210843,0.5402088589034975,0.5777079169638455,-13.610638496660007,13.610638496660007,0.07347193889878097,0.5402088589034975,0.5586438351960535,0.31208293460255543,-1.1644863104616459
1106174.729001759,0.2956440330017358,0.4628006408456713,-6.413326334688807,6.413326334688807,0.1559253260809662,0.2956440330017358,0.3698976181802231,0.13682424793540213,-1.989058038511006
1106357.562591563,0.8293299700599164,0.3631547710392624,20.897161377359414,20.897161377359414,0.04785338936432911,0.3631547710392624,0.5487942559767798,0.3011751353931073,-1.2000633382797001
1106639.715700702,0.3328668230678886,0.7578245520126075,-10.878073062773229,10.878073062773229,0.09192804591671519,0.3328668230678886,0.5022495904142507,0.2522546510712826,-1.3773161815783332
1107328.627772855,0.45131475222297013,0.6516376489307731,-30.80609312435082,30.80609312435082,0.03246111072778474,0.45131475222297013,0.5423040513091809,0.29409368406635067,-1.2238569091157243
1107613.604036891,0.38396912394091487,0.5673113150987774,-7.240438404964081,7.240438404964081,0.13811318376997656,0.38396912394091487,0.4667226463974572,0.21783002866024587,-1.524040205350261
1108581.013209332,0.4056506280321628,0.7269370460417122,-19.470255888546347,19.470255888546347,0.051360393295512057,0.4056506280321628,0.5430308179713798,0.2948824692666658,-1.2211784112939146
1108627.452236233,0.7307363071013242,0.8162778150290251,22.455707223748526,22.455707223748526,0.04453210892162096,0.7307363071013242,0.7723236602118619,0.5964838361230476,-0.5167031356771246
1108869.499552084,0.9048827369697392,0.25263109104707837,-12.445155829169964,12.445155829169964,0.08035254951618356,0.25263109104707837,0.47812290586242745,0.22860151311033167,-1.4757749086130103
1108997.637630472,0.5235360718797892,0.4201071821153164,12.833197881596064,12.833197881596064,0.07792290037342041,0.4201071821153164,0.4689789589023584,0.21994126389313998,-1.5143947505798048
1109202.446951949,0.14609207003377378,0.1621976289898157,0.892414232293453,0.892414232293453,1.1205558627522758,0.14609207003377378,0.1539343606011738,0.023695787373692212,-3.742457994585566
1109693.134039104,0.19513612403534353,1.1144615600351244,8.448234120437185,8.448234120437185,0.1183679317765227,0.19513612403534353,0.4663386207592467,0.2174717092116365,-1.5256865095037484
1109821.802373033,0.31760476995259523,1.1149084770586342,-25.907943077448774,25.907943077448774,0.03859820121615277,0.31760476995259523,0.5950632322488139,0.3541002503744058,-1.0381752127919344
1110476.216001296,0.252241499023512,0.3429629469756037,-2.750324612678204,2.750324612678204,0.3635934447120489,0.252241499023512,0.29412495279157724,0.08650948785464754,-2.4475011848784964
1110498.177970569,0.942412881180644,0.3513748007826507,-12.431576580891718,12.431576580891718,0.08044032013904627,0.3513748007826507,0.5754477720695882,0.3311401383798527,-1.1052136144134899
1111268.999435159,0.26056396402418613,0.6328687181230634,7.876763684035058,7.876763684035058,0.12695569400245438,0.26056396402418613,0.40608223539210714,0.1649027819010507,-1.8023991793281344
1111613.146081224,0.3782355871517211,0.6979159109760076,9.590138340406744,9.590138340406744,0.10427378255709159,0.3782355871517211,0.5137865649961456,0.26397663437053853,-1.3318946859249257
1112046.227433903,0.1823687399737537,0.8591280551627278,-4.333409469132069,4.333409469132069,0.23076517627130405,0.1823687399737537,0.3958258466751865,0.15667810089612824,-1.8535618911660057
1112121.033194116,0.1475264399778098,0.9523797228466719,-5.952675751790762,5.952675751790762,0.16799167999351666,0.1475264399778098,0.37483488367362855,0.14050119001862266,-1.9625393203607704
1112389.579297998,0.3173563750460744,0.5351205959450454,-5.15486263324708,5.15486263324708,0.19399159029968055,0.3173563750460744,0.4120969940943693,0.16982393254161465,-1.772993069562008
1113380.667068801,0.3677005989011377,0.7005621581338346,-8.648196935074587,8.648196935074587,0.11563103933772473,0.3677005989011377,0.5075402694499074,0.25759712511328453,-1.3563584450887314
1114196.429114669,0.669053680030629,0.3800192619673908,7.894493009991882,7.894493009991882,0.12667057893829567,0.3800192619673908,0.5042353475330805,0.25425328570180644,-1.3694243210226875
1114757.965204509,0.926921718986705,0.4303395610768348,14.771400048491161,14.771400048491161,0.06769838991004418,0.4303395610768348,0.6315782498640401,0.3988910857013238,-0.9190668675219731
1114894.743829758,1.07640540599823,0.43873521499335766,-14.232775107299986,14.232775107299986,0.07026036682664229,0.43873521499335766,0.6872095438951978,0.47225695722064587,-0.7502320406377881
1115975.277414812,0.6072474839165807,0.42608681903220713,25.853267421793504,25.853267421793504,0.03867983043245942,0.42608681903220713,0.5086650654284479,0.2587401487873272,-1.3519310074468356
1116582.344504971,0.7554329340346158,0.7356123819481581,41.49663925783722,41.49663925783722,0.024098337067408084,0.7356123819481581,0.7454567861434287,0.5557058200072895,-0.5875162254610402
1116698.372716801,0.2387184479739517,0.45206650206819177,-4.299469654846584,4.299469654846584,0.23258682588275703,0.2387184479739517,0.328506641873086,0.10791661375473197,-2.226396444940262
1117252.06500067,0.7074203039519489,0.3276338230352849,13.891771399171567,13.891771399171567,0.07198506016731854,0.3276338230352849,0.4814299727650536,0.23177481867656025,-1.4619889878146681
1118265.623549101,0.5611475070472807,0.4398679290898144,5.910312150773131,5.910312150773131,0.16919580125208605,0.4398679290898144,0.49682068378721855,0.24683079183879938,-1.3990522303945938
1118528.895823093,0.5023834079038352,0.7108382401056588,-10.297048756266863,10.297048756266863,0.09711520491649535,0.5023834079038352,0.5975896062789626,0.3571133375326455,-1.0297020755058561
1119163.907406805,0.26909427996724844,0.6862222049385309,-5.599313034001657,5.599313034001657,0.17859333706251654,0.26909427996724844,0.4297190595441068,0.18465847013547157,-1.6892472674360184
1119853.382833128,0.2737378280144185,0.7179103780072182,9.341836835056391,9.341836835056391,0.10704532927051102,0.2737378280144185,0.44330489235367804,0.19651922758470608,-1.6269950021560022
1120510.412412399,0.41177507396787405,0.5634844261221588,8.514270819349404,8.514270819349404,0.11744986989695172,0.41177507396787405,0.48169372141039685,0.232028841246197,-1.460893599326019
1120656.323636671,0.8015598391648382,0.4561935509555042,8.61858361557163,8.61858361557163,0.1160283457937624,0.4561935509555042,0.6047035879932666,0.36566642933193033,-1.006033756421908
1121319.757324321,0.8000145240221173,0.5668098060414195,-12.313447659787016,12.313447659787016,0.0812120234421248,0.5668098060414195,0.6733914739520355,0.4534560771912948,-0.7908568670584102
1121401.735842822,0.4231808518525213,0.3263504491187632,-3.011285282752837,3.011285282752837,0.33208411229832946,0.3263504491187632,0.37162516203902435,0.13810526106053111,-1.9797391232713009
1122426.028103099,0.14693889790214598,0.5103435539640486,-1.8009298934064186,1.8009298934064186,0.5552686996096902,0.14693889790214598,0.27384177798674486,0.07498931937094166,-2.590409583974308
1123269.015834963,0.4835773790255189,0.46649811998941004,-8.613385541283956,8.613385541283956,0.11609836750102502,0.46649811998941004,0.47496098596075337,0.22558793818481093,-1.4890452262804228
1123403.241356928,0.6552993068471551,0.18995968904346228,-2.460030937843153,2.460030937843153,0.40649895276388515,0.18995968904346228,0.3528178744892072,0.12448045255908195,-2.0836065829619264
1123994.384912218,0.8084202189929783,0.23769097100012004,-7.06256196647395,7.06256196647395,0.14159167802661551,0.23769097100012004,0.43835395153753404,0.19215418682857072,-1.6494571728328133
1124725.626693306,0.3940702260006219,0.7173924520611763,-10.216530242914542,10.216530242914542,0.0978805892238736,0.3940702260006219,0.5316982280531768,0.28270300571488804,-1.2633583821675958
1124819.3781344,0.6868601897731423,0.1906903542112559,-3.828634266537902,3.828634266537902,0.26118974296917224,0.1906903542112559,0.36190829346873354,0.13097761288145096,-2.0327288644197603
1125864.684293787,0.413732232991606,0.6320104780606925,23.33549312561102,23.33549312561102,0.04285317625889322,0.413732232991606,0.5113541887597507,0.2614831063621427,-1.3413856003856455
1126047.356553837,1.1414553308859468,0.5350411769468337,-47.866914615317064,47.866914615317064,0.020891256686095396,0.5350411769468337,0.7814893496839573,0.6107256036694545,-0.4931075145140582
1126548.57011196,0.2672964639496058,0.24017502297647297,1.2146834876266637,1.2146834876266637,0.8232597299514396,0.24017502297647297,0.2533731129591823,0.06419793437062656,-2.745784243716204
1128854.531499985,0.22241876693442464,0.8386409210506827,-6.567887236062344,6.567887236062344,0.15225596360870708,0.22241876693442464,0.4318905874881311,0.186529479560843,-1.6791659850392295
1128919.740715232,0.4751229239627719,0.5486378469504416,25.40609936326921,25.40609936326921,0.039360626977856625,0.4751229239627719,0.510558927098267,0.26067041803973356,-1.3444984357517133
1128945.761112005,0.6665274470578879,0.25555984303355217,6.991530131167186,6.991530131167186,0.1430302067271585,0.25555984303355217,0.41271981991136325,0.1703376497476681,-1.7699726367832667
1131207.762115641,0.47802307992242277,0.6308640830684453,9.06421375928423,9.06421375928423,0.11032396483100665,0.47802307992242277,0.5491517021741928,0.3015675920008134,-1.1987611022000904
1132188.576903298,0.5319799750577658,0.45046241395175457,-7.920485901814321,7.920485901814321,0.12625488036926283,0.45046241395175457,0.4895273064278594,0.23963698373851539,-1.4286300684817652
1132213.163993214,0.696537550073117,0.3068743438925594,10.784897345220426,10.784897345220426,0.09272225483380914,0.3068743438925594,0.4623305134589524,0.21374950367521853,-1.5429504931552451
